// Generated from SMIcon.svg by scripts/gen_smicon.py — do not edit.
#pragma once
#include <stdint.h>

#define SMICON_LOGO_W 116
#define SMICON_LOGO_H 132

static const uint16_t SMICON_LOGO[15312] = {
  0x0000,0x0000,0x0000,0x0000,0x0000,0x0000,0x0000,0x0000,0x0000,0x0000,0x0000,0x0000,
  0x0000,0x0000,0x0000,0x0000,0x0000,0x0000,0x0000,0x0000,0x0000,0x0000,0x0000,0x0000,
  0x0000,0x0000,0x0000,0x0000,0x0000,0x0000,0x0000,0x0000,0x0000,0x0000,0x0000,0x0000,
  0x0000,0x0000,0x0000,0x0000,0x0000,0x0000,0x0000,0x0000,0x0000,0x0000,0x0000,0x0000,
  0x0000,0x0000,0x0000,0x0000,0x0000,0x0000,0x0000,0x0000,0x0000,0x0000,0x0000,0x0000,
  0x0000,0x0000,0x0000,0x0000,0x0000,0x0000,0x0000,0x0000,0x0000,0x0000,0x0000,0x0000,
  0x0000,0x0000,0x0000,0x0000,0x0000,0x0000,0x0000,0x0000,0x0000,0x0000,0x0000,0x0000,
  0x0000,0x0000,0x0000,0x0000,0x0000,0x0000,0x0000,0x0000,0x0000,0x0000,0x0000,0x0000,
  0x0000,0x0000,0x0000,0x0000,0x0000,0x0000,0x0000,0x0000,0x0000,0x0000,0x0000,0x0000,
  0x0000,0x0000,0x0000,0x0000,0x0000,0x0000,0x0000,0x0000,0x0000,0x0000,0x0000,0x0000,
  0x0000,0x0000,0x0000,0x0000,0x0000,0x0000,0x0000,0x0000,0x0000,0x0000,0x0000,0x0000,
  0x0000,0x0000,0x0000,0x0000,0x0000,0x0000,0x0000,0x0000,0x0000,0x0000,0x0000,0x0000,
  0x0000,0x0000,0x0000,0x0000,0x0000,0x0000,0x0000,0x0000,0x0000,0x0000,0x0000,0x0000,
  0x0000,0x0000,0x0000,0x0000,0x0000,0x0000,0x0000,0x0000,0x0000,0x0000,0x0000,0x0000,
  0x0000,0x0000,0x0000,0x0000,0x0000,0x0000,0x0000,0x0000,0x0000,0x0000,0x0000,0x0000,
  0x0000,0x0000,0x0000,0x0000,0x0000,0x0000,0x0000,0x0000,0x0000,0x0000,0x0000,0x0000,
  0x0000,0x0000,0x0000,0x0000,0x0000,0x0000,0x0000,0x0000,0x0000,0x0000,0x0000,0x0000,
  0x0000,0x0000,0x0000,0x0000,0x0000,0x0000,0x0000,0x0000,0x0000,0x0000,0x0000,0x0000,
  0x0000,0x0000,0x0000,0x0000,0x0000,0x0000,0x0000,0x0000,0x0000,0x0000,0x0000,0x0000,
  0x0000,0x0000,0x0000,0x0000,0x0000,0x0000,0x0000,0x0000,0x0000,0x0000,0x0000,0x0000,
  0x0000,0x0000,0x0000,0x0000,0x0000,0x0000,0x0000,0x0000,0x0000,0x0000,0x0000,0x0000,
  0x0000,0x0000,0x0000,0x0000,0x0000,0x0000,0x0000,0x0000,0x0000,0x0000,0x0000,0x0000,
  0x0000,0x0000,0x0000,0x0000,0x0000,0x0000,0x0000,0x0000,0x0000,0x0000,0x0000,0x0000,
  0x0000,0x0000,0x0000,0x0000,0x0000,0x0000,0x0000,0x0000,0x0000,0x0000,0x0000,0x0000,
  0x0000,0x0000,0x0000,0x0000,0x0000,0x0000,0x0000,0x0000,0x0000,0x0000,0x0000,0x0000,
  0x0000,0x0000,0x0000,0x0000,0x0000,0x0000,0x0000,0x0000,0x0000,0x0000,0x0000,0x0000,
  0x0000,0x0000,0x0000,0x0000,0x0000,0x0000,0x0000,0x0000,0x0000,0x0000,0x0000,0x0000,
  0x0000,0x0000,0x0000,0x0000,0x0000,0x0000,0x0000,0x0000,0x0000,0x0000,0x0000,0x0000,
  0x0000,0x0000,0x0000,0x0000,0x0000,0x0000,0x0000,0x0000,0x0000,0x0000,0x0000,0x0000,
  0x0000,0x0000,0x0000,0x0000,0x0000,0x0000,0x0000,0x0000,0x0000,0x0000,0x0000,0x0000,
  0x0000,0x0000,0x0000,0x0000,0x0000,0x0000,0x0000,0x0000,0x0000,0x0000,0x0000,0x0000,
  0x0000,0x0000,0x0000,0x0000,0x0000,0x0000,0x0000,0x0000,0x0000,0x0000,0x0000,0x0000,
  0x0000,0x0000,0x0000,0x0000,0x0000,0x0000,0x0000,0x0000,0x0000,0x0000,0x0000,0x0000,
  0x0000,0x0000,0x0000,0x0000,0x0000,0x0000,0x0000,0x0000,0x0000,0x0000,0x0000,0x0000,
  0x0000,0x0000,0x0000,0x0000,0x0000,0x0000,0x0000,0x0000,0x0000,0x0000,0x0000,0x0000,
  0x0000,0x0000,0x0000,0x0000,0x0000,0x0000,0x0000,0x0000,0x0000,0x0000,0x0000,0x0000,
  0x0000,0x0000,0x0000,0x0000,0x0000,0x0000,0x0000,0x0000,0x0000,0x0000,0x0000,0x0000,
  0x0000,0x0000,0x0000,0x0000,0x0000,0x0000,0x0000,0x0000,0x0000,0x0000,0x0000,0x0000,
  0x0000,0x0000,0x0000,0x0000,0x0000,0x0000,0x0000,0x0000,0x0000,0x0000,0x0000,0x0000,
  0x0000,0x0000,0x0000,0x0000,0x0000,0x0000,0x0000,0x0000,0x0000,0x0000,0x0000,0x0000,
  0x0000,0x0000,0x0000,0x0000,0x0000,0x0000,0x0000,0x0000,0x0000,0x0000,0x0000,0x0000,
  0x0000,0x0000,0x0000,0x0000,0x0000,0x0000,0x0000,0x0000,0x0000,0x0000,0x0000,0x0000,
  0x0000,0x0000,0x0000,0x0000,0x0000,0x0000,0x0000,0x0000,0x0000,0x0000,0x0000,0x0000,
  0x0000,0x0000,0x0000,0x0000,0x0000,0x0000,0x0000,0x0000,0x0000,0x0000,0x0000,0x0000,
  0x0000,0x0000,0x0000,0x0000,0x0000,0x0000,0x0000,0x0000,0x0000,0x0000,0x0000,0x0000,
  0x0000,0x0000,0x0000,0x0000,0x0000,0x0000,0x0000,0x0000,0x0000,0x0000,0x0000,0x0000,
  0x0000,0x0000,0x0000,0x0000,0x0000,0x0000,0x0000,0x0000,0x0000,0x0000,0x0000,0x0000,
  0x0000,0x0000,0x0000,0x0000,0x0000,0x0000,0x0000,0x0000,0x0000,0x0000,0x0000,0x0000,
  0x0000,0x0000,0x0000,0x0000,0x0000,0x0000,0x0000,0x0000,0x0000,0x0000,0x0000,0x0000,
  0x0000,0x0000,0x0000,0x0000,0x0000,0x0000,0x0000,0x0000,0x0000,0x0000,0x0000,0x0000,
  0x0000,0x0000,0x0000,0x0000,0x0000,0x0000,0x0000,0x0000,0x0000,0x0000,0x0000,0x0000,
  0x0000,0x0000,0x0000,0x0000,0x0000,0x0000,0x0000,0x0000,0x0000,0x0000,0x0000,0x0000,
  0x0000,0x0000,0x0000,0x0000,0x0000,0x0000,0x0000,0x0000,0x0000,0x0000,0x0000,0x0000,
  0x0000,0x0000,0x0000,0x0000,0x0000,0x0000,0x0000,0x0000,0x0000,0x0000,0x0000,0x0000,
  0x0000,0x0000,0x0000,0x0000,0x0000,0x0000,0x0000,0x0000,0x0000,0x0000,0x0000,0x0000,
  0x0000,0x0000,0x0000,0x0000,0x0000,0x0000,0x0000,0x0000,0x0000,0x0000,0x0000,0x0000,
  0x0000,0x0000,0x0000,0x0000,0x0000,0x0000,0x0000,0x0000,0x0000,0x0000,0x0000,0x0000,
  0x0000,0x0000,0x0000,0x0000,0x0000,0x0000,0x0000,0x0000,0x0000,0x0000,0x0000,0x0000,
  0x0000,0x0000,0x0000,0x0000,0x0000,0x0000,0x0000,0x0000,0x0000,0x0000,0x0000,0x0000,
  0x0000,0x0000,0x0000,0x0000,0x0000,0x0000,0x0000,0x0000,0x0000,0x0000,0x0000,0x0000,
  0x0000,0x0000,0x0000,0x0000,0x0000,0x0000,0x0000,0x0000,0x0000,0x0000,0x0000,0x0000,
  0x0000,0x0000,0x0000,0x0000,0x0000,0x0000,0x0000,0x0000,0x0000,0x0000,0x0000,0x0000,
  0x0000,0x0000,0x0000,0x0000,0x0000,0x0000,0x0000,0x0000,0x0000,0x0000,0x0000,0x0000,
  0x0000,0x0000,0x0000,0x0000,0x0000,0x0000,0x0000,0x0000,0x0000,0x0000,0x0000,0x0000,
  0x0000,0x0000,0x0000,0x0000,0x0000,0x0000,0x0000,0x0000,0x0000,0x0000,0x0000,0x0000,
  0x0000,0x0000,0x0000,0x0000,0x0000,0x0000,0x0000,0x0000,0x0000,0x0000,0x0000,0x0000,
  0x0000,0x0000,0x0000,0x0000,0x0000,0x0000,0x0000,0x0000,0x0000,0x0000,0x0000,0x0000,
  0x0000,0x0000,0x0000,0x0000,0x0000,0x0000,0x0000,0x0000,0x0000,0x0000,0x0000,0x0000,
  0x0000,0x0000,0x0000,0x0000,0x0000,0x0000,0x0000,0x0000,0x0000,0x0000,0x0000,0x0000,
  0x0000,0x0000,0x0000,0x0000,0x0000,0x0000,0x0000,0x0000,0x0000,0x0000,0x0000,0x0000,
  0x0000,0x0000,0x0000,0x0000,0x0000,0x0000,0x0000,0x0000,0x0000,0x0000,0x0000,0x0000,
  0x0000,0x0000,0x0000,0x0000,0x0000,0x0000,0x0000,0x0000,0x0000,0x0000,0x0000,0x0000,
  0x0000,0x0000,0x0000,0x0000,0x0000,0x0000,0x0000,0x0000,0x0000,0x0000,0x0000,0x0000,
  0x0000,0x0000,0x0000,0x0000,0x0000,0x0000,0x0000,0x0000,0x0000,0x0000,0x0000,0x0000,
  0x0000,0x0000,0x0000,0x0000,0x0000,0x0000,0x0000,0x0000,0x0000,0x0000,0x0000,0x0000,
  0x0000,0x0000,0x0000,0x0000,0x0000,0x0000,0x0000,0x0000,0x0000,0x0000,0x0000,0x0000,
  0x0000,0x0000,0x0000,0x0000,0x0000,0x0000,0x0000,0x0000,0x0000,0x0000,0x0000,0x0000,
  0x0000,0x0000,0x0000,0x0000,0x0000,0x0000,0x0000,0x0000,0x0000,0x0000,0x0000,0x0000,
  0x0000,0x0000,0x0000,0x0000,0x0000,0x0000,0x0000,0x0000,0x0000,0x0000,0x0000,0x0000,
  0x0000,0x0000,0x0000,0x0000,0x0000,0x0000,0x0000,0x0000,0x0000,0x0000,0x0000,0x0000,
  0x0000,0x0000,0x0000,0x0000,0x0000,0x0000,0x0000,0x0000,0x0000,0x0000,0x0000,0x0000,
  0x0000,0x0000,0x0000,0x0000,0x0000,0x0000,0x0000,0x0000,0x0000,0x0000,0x0000,0x0000,
  0x0000,0x0000,0x0000,0x0000,0x0000,0x0000,0x0000,0x0000,0x0000,0x0000,0x0000,0x0000,
  0x0000,0x0000,0x0000,0x0000,0x0000,0x0000,0x0000,0x0000,0x0000,0x0000,0x0000,0x0000,
  0x0000,0x0000,0x0000,0x0000,0x0000,0x0000,0x0000,0x0000,0x0000,0x0000,0x0000,0x0000,
  0x0000,0x0000,0x0000,0x0000,0x0000,0x0000,0x0000,0x0000,0x0000,0x0000,0x0000,0x0000,
  0x0000,0x0000,0x0000,0x0000,0x0000,0x0000,0x0000,0x0000,0x0000,0x0000,0x0000,0x0000,
  0x0000,0x0000,0x0000,0x0000,0x0000,0x0000,0x0000,0x0000,0x0000,0x0000,0x0000,0x0000,
  0x0000,0x0000,0x0000,0x0000,0x0000,0x0000,0x0000,0x0000,0x0000,0x0000,0x0000,0x0000,
  0x0000,0x0000,0x0000,0x0000,0x0000,0x0000,0x0000,0x0000,0x0000,0x0000,0x0000,0x0000,
  0x0000,0x0000,0x0000,0x0000,0x0000,0x0000,0x0000,0x0000,0x0000,0x0000,0x0000,0x0000,
  0x0000,0x0000,0x0000,0x0000,0x0000,0x0000,0x0000,0x0000,0x0000,0x0000,0x0000,0x0000,
  0x0000,0x0000,0x0000,0x0000,0x0000,0x0000,0x0000,0x0000,0x0000,0x0000,0x0000,0x0000,
  0x0000,0x0000,0x0000,0x0000,0x0000,0x0000,0x0000,0x0000,0x0000,0x0000,0x0000,0x0000,
  0x0000,0x0000,0x0000,0x0000,0x0000,0x0000,0x0000,0x0000,0x0000,0x0000,0x0000,0x0000,
  0x0000,0x0000,0x0000,0x0000,0x0000,0x0000,0x0000,0x0000,0x0000,0x0000,0x0000,0x0000,
  0x0000,0x0000,0x0000,0x0000,0x0000,0x0000,0x0000,0x0000,0x0000,0x0000,0x0000,0x0000,
  0x0000,0x0000,0x0000,0x0000,0x0000,0x0000,0x0000,0x0000,0x0000,0x0000,0x0000,0x0000,
  0x0000,0x0000,0x0000,0x0000,0x0000,0x0000,0x0000,0x0000,0x0000,0x0000,0x0000,0x0000,
  0x0000,0x0000,0x0000,0x0000,0x0000,0x0000,0x0000,0x0000,0x0000,0x0000,0x0000,0x0000,
  0x0000,0x0000,0x0000,0x0000,0x0000,0x0000,0x0000,0x0000,0x0000,0x0000,0x0000,0x0000,
  0x0000,0x0000,0x0000,0x0000,0x0000,0x0000,0x0000,0x0000,0x0000,0x0000,0x0000,0x0000,
  0x0000,0x0000,0x0000,0x0000,0x0000,0x0000,0x0000,0x0000,0x0000,0x0000,0x0000,0x0000,
  0x0000,0x0000,0x0000,0x0000,0x0000,0x0000,0x0000,0x0000,0x0000,0x0000,0x0000,0x0000,
  0x0000,0x0000,0x0000,0x0000,0x0000,0x0000,0x0000,0x0000,0x0000,0x0000,0x0000,0x0000,
  0x0000,0x0000,0x0000,0x0000,0x0000,0x0000,0x0000,0x0000,0x0000,0x0000,0x0000,0x0000,
  0x0000,0x0000,0x0000,0x0000,0x0000,0x0000,0x0000,0x0000,0x0000,0x0000,0x0000,0x0000,
  0x0000,0x0000,0x0000,0x0000,0x0000,0x0000,0x0000,0x0000,0x0000,0x0000,0x0000,0x0000,
  0x0000,0x0000,0x0000,0x0000,0x0000,0x0000,0x0000,0x0000,0x0000,0x0000,0x0000,0x0000,
  0x0000,0x0000,0x0000,0x0000,0x0000,0x0000,0x0000,0x0000,0x0000,0x0000,0x0000,0x0000,
  0x0000,0x0000,0x0000,0x0000,0x0000,0x0000,0x0000,0x0000,0x0000,0x0000,0x0000,0x0000,
  0x0000,0x0000,0x0000,0x0000,0x0000,0x0000,0x0000,0x0000,0x0000,0x0000,0x0000,0x0000,
  0x0000,0x0000,0x0000,0x0000,0x0000,0x0000,0x0000,0x0000,0x0000,0x0000,0x0000,0x0000,
  0x0000,0x0000,0x0000,0x0000,0x0000,0x0000,0x0000,0x0000,0x0000,0x0000,0x0000,0x0000,
  0x0000,0x0000,0x0000,0x0000,0x0000,0x0000,0x0000,0x0000,0x0000,0x0000,0x0000,0x0000,
  0x0000,0x0000,0x0000,0x0000,0x0000,0x0000,0x0000,0x0000,0x0000,0x0000,0x0000,0x0000,
  0x0000,0x0000,0x0000,0x0000,0x0000,0x0000,0x0000,0x0000,0x0000,0x0000,0x0000,0x0000,
  0x0000,0x0000,0x0000,0x0000,0x0000,0x0000,0x0000,0x0000,0x0000,0x0000,0x0000,0x0000,
  0x0000,0x0000,0x0000,0x0000,0x0000,0x0000,0x0000,0x0000,0x0000,0x0000,0x0000,0x0000,
  0x0000,0x0000,0x0000,0x0000,0x0000,0x0000,0x0000,0x0000,0x0000,0x0000,0x0000,0x0000,
  0x0000,0x0000,0x0000,0x0000,0x0000,0x0000,0x0000,0x0000,0x0000,0x0000,0x0000,0x0000,
  0x0000,0x0000,0x0000,0x0000,0x0000,0x0000,0x0000,0x0000,0x0000,0x0000,0x0000,0x0000,
  0x0000,0x0000,0x0000,0x0000,0x0000,0x0000,0x0000,0x0000,0x0000,0x0000,0x0000,0x0000,
  0x0000,0x0000,0x0000,0x0000,0x0000,0x0000,0x0000,0x0000,0x0000,0x0000,0x0000,0x0000,
  0x0000,0x0000,0x0000,0x0000,0x0000,0x0000,0x0000,0x0000,0x0000,0x0000,0x0000,0x0000,
  0x0000,0x0000,0x0000,0x0000,0x0000,0x0000,0x0000,0x0000,0x0000,0x0000,0x0000,0x0000,
  0x0000,0x0000,0x0000,0x0000,0x0000,0x0000,0x0000,0x0000,0x0000,0x0000,0x0000,0x0000,
  0x0000,0x0000,0x0000,0x0000,0x0000,0x0000,0x0000,0x0000,0x0000,0x0000,0x0000,0x0000,
  0x0000,0x0000,0x0000,0x0000,0x0000,0x0000,0x0000,0x0000,0x0000,0x0000,0x0000,0x0000,
  0x0000,0x0000,0x0000,0x0000,0x0000,0x0000,0x0000,0x0000,0x0000,0x0000,0x0000,0x0000,
  0x0000,0x0000,0x0000,0x0000,0x0000,0x0000,0x0000,0x0000,0x0000,0x0000,0x0000,0x0000,
  0x0000,0x0000,0x0000,0x0000,0x0000,0x0000,0x0000,0x0000,0x0000,0x0000,0x0000,0x0000,
  0x0000,0x0000,0x0000,0x0000,0x0000,0x0000,0x0000,0x0000,0x0000,0x0000,0x0000,0x0000,
  0x0000,0x0000,0x0000,0x0000,0x0000,0x0000,0x0000,0x0000,0x0000,0x0000,0x0000,0x0000,
  0x0000,0x0000,0x0000,0x0000,0x0000,0x0000,0x0000,0x0000,0x0000,0x0000,0x0000,0x0000,
  0x0000,0x0000,0x0000,0x0000,0x0000,0x0000,0x0000,0x0000,0x0000,0x0000,0x0000,0x0000,
  0x0000,0x0000,0x0000,0x0000,0x0000,0x0000,0x0000,0x0000,0x0000,0x0000,0x0000,0x0000,
  0x0000,0x0000,0x0000,0x0000,0x0000,0x0000,0x0000,0x0000,0x0000,0x0000,0x0000,0x0000,
  0x0000,0x0000,0x0000,0x0000,0x0000,0x0000,0x0000,0x0000,0x0000,0x0000,0x0000,0x0000,
  0x0000,0x0000,0x0000,0x0000,0x0000,0x0000,0x0000,0x0000,0x0000,0x0000,0x0000,0x0000,
  0x0000,0x0000,0x0000,0x0000,0x0000,0x0000,0x0000,0x0000,0x0000,0x0000,0x0000,0x0000,
  0x0000,0x0000,0x0000,0x0000,0x0000,0x0000,0x0000,0x0000,0x0000,0x0000,0x0000,0x0000,
  0x0000,0x0000,0x0000,0x0000,0x0000,0x0000,0x0000,0x0000,0x0000,0x0000,0x0000,0x0000,
  0x0000,0x0000,0x0000,0x0000,0x0000,0x0000,0x0000,0x0000,0x0000,0x0000,0x0000,0x0000,
  0x0000,0x0000,0x0000,0x0000,0x0000,0x0000,0x0000,0x0000,0x0000,0x0000,0x0000,0x0000,
  0x0000,0x0000,0x0000,0x0000,0x0000,0x0000,0x0000,0x0000,0x0000,0x0000,0x0000,0x0000,
  0x0000,0x0000,0x0000,0x0000,0x0000,0x0000,0x0000,0x0000,0x0000,0x0000,0x0000,0x0000,
  0x0000,0x0000,0x0000,0x0000,0x0000,0x0000,0x0000,0x0000,0x0000,0x0000,0x0000,0x0000,
  0x0000,0x0000,0x0000,0x0000,0x0000,0x0000,0x0000,0x0000,0x0000,0x0000,0x0000,0x0000,
  0x0000,0x0000,0x0000,0x0000,0x0000,0x0000,0x0000,0x0000,0x0000,0x0000,0x0000,0x0000,
  0x0000,0x0000,0x0000,0x0000,0x0000,0x0000,0x0000,0x0000,0x0000,0x0000,0x0000,0x0000,
  0x0000,0x0000,0x0000,0x0000,0x0000,0x0000,0x0000,0x0000,0x0000,0x0000,0x0000,0x0000,
  0x0000,0x0000,0x0000,0x0000,0x0000,0x0000,0x0000,0x0000,0x0000,0x0000,0x0000,0x0000,
  0x0000,0x0000,0x0000,0x0000,0x0000,0x0000,0x0000,0x0000,0x0000,0x0000,0x0000,0x0000,
  0x0000,0x0000,0x0000,0x0000,0x0000,0x0000,0x0000,0x0000,0x0000,0x0000,0x0000,0x0000,
  0x0000,0x0000,0x0000,0x0000,0x0000,0x0000,0x0000,0x0000,0x0000,0x0000,0x0000,0x0000,
  0x0000,0x0000,0x0000,0x0000,0x0000,0x0000,0x0000,0x0000,0x0000,0x0000,0x0000,0x0000,
  0x0000,0x0000,0x0000,0x0000,0x0000,0x0000,0x0000,0x0000,0x0000,0x0000,0x0000,0x0000,
  0x0000,0x0000,0x0000,0x0000,0x0000,0x0000,0x0000,0x0000,0x0000,0x0000,0x0000,0x0000,
  0x0000,0x0000,0x0000,0x0000,0x0000,0x0000,0x0000,0x0000,0x0000,0x0000,0x0000,0x0000,
  0x0000,0x0000,0x0000,0x0000,0x0000,0x0000,0x0000,0x0000,0x0000,0x0000,0x0000,0x0000,
  0x0000,0x0000,0x0000,0x0000,0x0000,0x0000,0x0000,0x0000,0x0000,0x0000,0x0000,0x0000,
  0x0000,0x0000,0x0000,0x0000,0x0000,0x0000,0x0000,0x0000,0x0000,0x0000,0x0000,0x0000,
  0x0000,0x0000,0x0000,0x0000,0x0000,0x0000,0x0000,0x0000,0x0000,0x0000,0x0000,0x0000,
  0x0000,0x0000,0x0000,0x0000,0x0000,0x0000,0x0000,0x0000,0x0000,0x0000,0x0000,0x0000,
  0x0000,0x0000,0x0000,0x0000,0x0000,0x0000,0x0000,0x0000,0x0000,0x0000,0x0000,0x0000,
  0x0000,0x0000,0x0000,0x0000,0x0000,0x0000,0x0000,0x0000,0x0000,0x0000,0x0000,0x0000,
  0x0000,0x0000,0x0000,0x0000,0x0000,0x0000,0x0000,0x0000,0x0000,0x0000,0x0000,0x0000,
  0x0000,0x0000,0x0000,0x0000,0x0000,0x0000,0x0000,0x0000,0x0000,0x0000,0x0000,0x0000,
  0x0000,0x0000,0x0000,0x0000,0x0000,0x0000,0x0000,0x0000,0x0000,0x0000,0x0000,0x0000,
  0x0000,0x0000,0x0000,0x0000,0x0000,0x0000,0x0000,0x0000,0x0000,0x0000,0x0000,0x0000,
  0x0000,0x0000,0x0000,0x0000,0x0000,0x0000,0x0000,0x0000,0x0000,0x0000,0x0000,0x0000,
  0x0000,0x0000,0x0000,0x0000,0x0000,0x0000,0x0000,0x0000,0x0000,0x0000,0x0000,0x0000,
  0x0000,0x0000,0x0000,0x0000,0x0000,0x0000,0x0000,0x0000,0x0000,0x0000,0x0000,0x0000,
  0x0000,0x0000,0x0000,0x0000,0x0000,0x0000,0x0000,0x0000,0x0000,0x0000,0x0000,0x0000,
  0x0000,0x0000,0x0000,0x0000,0x0000,0x0000,0x0000,0x0000,0x0000,0x0000,0x0000,0x0000,
  0x0000,0x0000,0x0000,0x0000,0x0000,0x0000,0x0000,0x0000,0x0000,0x0000,0x0000,0x0000,
  0x0000,0x0000,0x0000,0x0000,0x0000,0x0000,0x0000,0x0000,0x0000,0x0000,0x0000,0x0000,
  0x0000,0x0000,0x0000,0x0000,0x0000,0x0000,0x0000,0x0000,0x0000,0x0000,0x0000,0x0000,
  0x0000,0x0000,0x0000,0x0000,0x0000,0x0000,0x0000,0x0000,0x0000,0x0000,0x0000,0x0000,
  0x0000,0x0000,0x0000,0x0000,0x0000,0x0000,0x0000,0x0000,0x0000,0x0000,0x0000,0x0000,
  0x0000,0x0000,0x0000,0x0000,0x0000,0x0000,0x0000,0x0000,0x0000,0x0000,0x0000,0x0000,
  0x0000,0x0000,0x0000,0x0000,0x0000,0x0000,0x0000,0x0000,0x0000,0x0000,0x0000,0x0000,
  0x0000,0x0000,0x0000,0x0000,0x0000,0x0000,0x0000,0x0000,0x0000,0x0000,0x0000,0x0000,
  0x0000,0x0000,0x0000,0x0000,0x0000,0x0000,0x0000,0x0000,0x0000,0x0000,0x0000,0x0000,
  0x0000,0x0000,0x0000,0x0000,0x0000,0x0000,0x0000,0x0000,0x0000,0x0000,0x0000,0x0000,
  0x0000,0x0000,0x0000,0x0000,0x0000,0x0000,0x0000,0x0000,0x0000,0x0000,0x0000,0x0000,
  0x0000,0x0000,0x0000,0x0000,0x0000,0x0000,0x0000,0x0000,0x0000,0x0000,0x0000,0x0000,
  0x0000,0x0000,0x0000,0x0000,0x0000,0x0000,0x0000,0x0000,0x0000,0x0000,0x0000,0x0000,
  0x0000,0x0000,0x0000,0x0000,0x0000,0x0000,0x0000,0x0000,0x0000,0x0000,0x0000,0x0000,
  0x0000,0x0000,0x0000,0x0000,0x0000,0x0000,0x0000,0x0000,0x0000,0x0000,0x0000,0x0000,
  0x0000,0x0000,0x0000,0x0000,0x0000,0x0000,0x0000,0x0000,0x0000,0x0000,0x0000,0x0000,
  0x0000,0x0000,0x0000,0x0000,0x0000,0x0000,0x0000,0x0000,0x0000,0x0000,0x0000,0x0000,
  0x0000,0x0000,0x0000,0x0000,0x0000,0x0000,0x0000,0x0000,0x0000,0x0000,0x0000,0x0000,
  0x0000,0x0000,0x0000,0x0000,0x0000,0x0000,0x0000,0x0000,0x0000,0x0000,0x0000,0x0000,
  0x0000,0x0000,0x0000,0x0000,0x0000,0x0000,0x0000,0x0000,0x0000,0x0000,0x0000,0x0000,
  0x0000,0x0000,0x0000,0x0000,0x0000,0x0000,0x0000,0x0000,0x0000,0x0000,0x0000,0x0000,
  0x0000,0x0000,0x0000,0x0000,0x0000,0x0000,0x0000,0x0000,0x0000,0x0000,0x0000,0x0000,
  0x0000,0x0000,0x0000,0x0000,0x0000,0x0000,0x0000,0x0000,0x0000,0x0000,0x0000,0x0000,
  0x0000,0x0000,0x0000,0x0000,0x0000,0x0000,0x0000,0x0000,0x0000,0x0000,0x0000,0x0000,
  0x0000,0x0000,0x0000,0x0000,0x0000,0x0000,0x0000,0x0000,0x0000,0x0000,0x0000,0x0000,
  0x0000,0x0000,0x0000,0x0000,0x0000,0x0000,0x0000,0x0000,0x0000,0x0000,0x0000,0x0000,
  0x0000,0x0000,0x0000,0x0000,0x0000,0x0000,0x0000,0x0000,0x0000,0x0000,0x0000,0x0000,
  0x0000,0x0000,0x0000,0x0000,0x0000,0x0000,0x0000,0x0000,0x0000,0x0000,0x0000,0x0000,
  0x0000,0x0000,0x0000,0x0000,0x0000,0x0000,0x0000,0x0000,0x0000,0x0000,0x0000,0x0000,
  0x0000,0x0000,0x0000,0x0000,0x0000,0x0000,0x0000,0x0000,0x0000,0x0000,0x0000,0x0000,
  0x0000,0x0000,0x0000,0x0000,0x0000,0x0000,0x0000,0x0000,0x0000,0x0000,0x0000,0x0000,
  0x0000,0x0000,0x0000,0x0000,0x0000,0x0000,0x0000,0x0000,0x0000,0x0000,0x0000,0x0000,
  0x0000,0x0000,0x0000,0x0000,0x0000,0x0000,0x0000,0x0000,0x0000,0x0000,0x0000,0x0000,
  0x0000,0x0000,0x0000,0x0000,0x0000,0x0000,0x0000,0x0000,0x0000,0x0000,0x0000,0x0000,
  0x0000,0x0000,0x0000,0x0000,0x0000,0x0000,0x0000,0x0000,0x0000,0x0000,0x0000,0x0000,
  0x0000,0x0000,0x0000,0x0000,0x0000,0x0000,0x0000,0x0000,0x0000,0x0000,0x0000,0x0000,
  0x0000,0x0000,0x0000,0x0000,0x0000,0x0000,0x0000,0x0000,0x0000,0x0000,0x0000,0x0000,
  0x0000,0x0000,0x0000,0x0000,0x0000,0x0000,0x0000,0x0000,0x0000,0x0000,0x0000,0x0000,
  0x0000,0x0000,0x0000,0x0000,0x0000,0x0000,0x0000,0x0000,0x0000,0x0000,0x0000,0x0000,
  0x0000,0x0000,0x0000,0x0000,0x0000,0x0000,0x0000,0x0000,0x0000,0x0000,0x0000,0x0000,
  0x0000,0x0000,0x0000,0x0000,0x0000,0x0000,0x0000,0x0000,0x0000,0x0000,0x0000,0x0000,
  0x0000,0x0000,0x0000,0x0000,0x0000,0x0000,0x0000,0x0000,0x0000,0x0000,0x0000,0x0000,
  0x0000,0x0000,0x0000,0x0000,0x0000,0x0000,0x0000,0x0000,0x0000,0x0000,0x0000,0x0000,
  0x0000,0x0000,0x0000,0x0000,0x0000,0x0000,0x0000,0x0000,0x0000,0x0000,0x0000,0x0000,
  0x0000,0x0000,0x0000,0x0000,0x0000,0x0000,0x0000,0x0000,0x0000,0x0000,0x0000,0x0000,
  0x0000,0x0000,0x0000,0x0000,0x0000,0x0000,0x0000,0x0000,0x0000,0x0000,0x0000,0x0000,
  0x0000,0x0000,0x0000,0x0000,0x0000,0x0000,0x0000,0x0000,0x0000,0x0000,0x0000,0x0000,
  0x0000,0x0000,0x0000,0x0000,0x0000,0x0000,0x0000,0x0000,0x0000,0x0000,0x0000,0x0000,
  0x0000,0x0000,0x0000,0x0000,0x0000,0x0000,0x0000,0x0000,0x0000,0x0000,0x0000,0x0000,
  0x0000,0x0000,0x0000,0x0000,0x0000,0x0000,0x0000,0x0000,0x0000,0x0000,0x0000,0x0000,
  0x0000,0x0000,0x0000,0x0000,0x0000,0x0000,0x0000,0x0000,0x0000,0x0000,0x0000,0x0000,
  0x0000,0x0000,0x0000,0x0000,0x0000,0x0000,0x0000,0x0000,0x0000,0x0000,0x0000,0x0000,
  0x0000,0x0000,0x0000,0x0000,0x0000,0x0000,0x0000,0x0000,0x0000,0x0000,0x0000,0x0000,
  0x0000,0x0000,0x0000,0x0000,0x0000,0x0000,0x0000,0x0000,0x0000,0x0000,0x0000,0x0000,
  0x0000,0x0000,0x0000,0x0000,0x0000,0x0000,0x0000,0x0000,0x0000,0x0000,0x0000,0x0000,
  0x0000,0x0000,0x0000,0x0000,0x0000,0x0000,0x0000,0x0000,0x0000,0x0000,0x0000,0x0000,
  0x0000,0x0000,0x0000,0x0000,0x0000,0x0000,0x0000,0x0000,0x0000,0x0000,0x0000,0x0000,
  0x0000,0x0000,0x0000,0x0000,0x0000,0x0000,0x0000,0x0000,0x0000,0x0000,0x0000,0x0000,
  0x0000,0x0000,0x0000,0x0000,0x0000,0x0000,0x0000,0x0000,0x0000,0x0000,0x0000,0x0000,
  0x0000,0x0000,0x0000,0x0000,0x0000,0x0000,0x0000,0x0000,0x0000,0x0000,0x0000,0x0000,
  0x0000,0x0000,0x0000,0x0000,0x0000,0x0000,0x0000,0x0000,0x0000,0x0000,0x0000,0x0000,
  0x0000,0x0000,0x0000,0x0000,0x0000,0x0000,0x0000,0x0000,0x0000,0x0000,0x0000,0x0000,
  0x0000,0x0000,0x0000,0x0000,0x0000,0x0000,0x0000,0x0000,0x0000,0x0000,0x0000,0x0000,
  0x0000,0x0000,0x0000,0x0000,0x0000,0x0000,0x0000,0x0000,0x0000,0x0000,0x0000,0x0000,
  0x0000,0x0000,0x0000,0x0000,0x0000,0x0000,0x0000,0x0000,0x0000,0x0000,0x0000,0x0000,
  0x0000,0x0000,0x0000,0x0000,0x0000,0x0000,0x0000,0x0000,0x0000,0x0000,0x0000,0x0000,
  0x0000,0x0000,0x0000,0x0000,0x0000,0x0000,0x0000,0x0000,0x0000,0x0000,0x0000,0x0000,
  0x0000,0x0000,0x0000,0x0000,0x0000,0x0000,0x0000,0x0000,0x0000,0x0000,0x0000,0x0000,
  0x0000,0x0000,0x0000,0x0000,0x0000,0x0000,0x0000,0x0000,0x0000,0x0000,0x0000,0x0000,
  0x0000,0x0000,0x0000,0x0000,0x0000,0x0000,0x0000,0x0000,0x0000,0x0000,0x0000,0x0000,
  0x0000,0x0000,0x0000,0x0000,0x0000,0x0000,0x0000,0x0000,0x0000,0x0000,0x0000,0x0000,
  0x0000,0x0000,0x0000,0x0000,0x0000,0x0000,0x0000,0x0000,0x0000,0x0000,0x0000,0x0000,
  0x0000,0x0000,0x0000,0x0000,0x0000,0x0000,0x0000,0x0000,0x0000,0x0000,0x0000,0x0000,
  0x0000,0x0000,0x0000,0x0000,0x0000,0x0000,0x0000,0x0000,0x0000,0x0000,0x0000,0x0000,
  0x0000,0x0000,0x0000,0x0000,0x0000,0x0000,0x0000,0x0000,0x0000,0x0000,0x0000,0x0000,
  0x0000,0x0000,0x0000,0x0000,0x0000,0x0000,0x0000,0x0000,0x0000,0x0000,0x0000,0x0000,
  0x0000,0x0000,0x0000,0x0000,0x0000,0x0000,0x0000,0x0000,0x0000,0x0000,0x0000,0x0000,
  0x0000,0x0000,0x0000,0x0000,0x0000,0x0000,0x0000,0x0000,0x0000,0x0000,0x0001,0x11B5,
  0x0023,0x0000,0x0000,0x0000,0x0000,0x0000,0x0000,0x0000,0x0000,0x0000,0x0000,0x0000,
  0x0000,0x0000,0x0000,0x0000,0x0000,0x0000,0x0000,0x0000,0x0000,0x0000,0x0000,0x0000,
  0x0000,0x0000,0x0000,0x0000,0x0000,0x0000,0x0000,0x0000,0x0000,0x0000,0x0000,0x0000,
  0x0000,0x0000,0x0000,0x0000,0x0000,0x0000,0x0000,0x0000,0x0000,0x0000,0x0000,0x0000,
  0x0000,0x0000,0x0000,0x0000,0x0000,0x0000,0x0000,0x0000,0x0000,0x0000,0x0000,0x0000,
  0x0000,0x0000,0x0000,0x0000,0x0000,0x0000,0x0000,0x0000,0x0000,0x0000,0x0000,0x0000,
  0x0000,0x0000,0x0000,0x0000,0x0000,0x0000,0x0000,0x0000,0x0000,0x0000,0x0000,0x0000,
  0x0000,0x0000,0x0000,0x0000,0x0000,0x0000,0x0000,0x0000,0x0000,0x0000,0x0000,0x0000,
  0x0000,0x0000,0x0000,0x0000,0x0000,0x0000,0x0000,0x0000,0x0000,0x0000,0x0000,0x0000,
  0x0000,0x0000,0x0000,0x0000,0x0000,0x0000,0x11D7,0x1A3D,0x0000,0x0000,0x0001,0x0087,
  0x08A8,0x08A8,0x08A8,0x08A8,0x0001,0x0000,0x0000,0x0000,0x0000,0x0000,0x0000,0x0000,
  0x0000,0x0000,0x0000,0x0000,0x0000,0x0000,0x0000,0x0000,0x0000,0x0000,0x0000,0x0000,
  0x0000,0x0000,0x0000,0x0000,0x0000,0x0000,0x0000,0x0000,0x0000,0x0000,0x0000,0x0000,
  0x0000,0x0000,0x0001,0x0087,0x08A8,0x08A8,0x08A8,0x08A8,0x08A8,0x08A8,0x08A8,0x08A8,
  0x0087,0x0001,0x0000,0x0000,0x0000,0x0000,0x0000,0x0000,0x0000,0x0000,0x0000,0x0000,
  0x0000,0x0000,0x0000,0x0000,0x0000,0x0000,0x0000,0x0000,0x0000,0x0000,0x0000,0x0000,
  0x0000,0x0000,0x0000,0x0000,0x0000,0x0000,0x0000,0x0000,0x0000,0x0000,0x0000,0x0000,
  0x0000,0x0000,0x0000,0x0000,0x0000,0x0000,0x0000,0x0000,0x0000,0x0000,0x0000,0x0000,
  0x0000,0x0000,0x0000,0x0000,0x0000,0x0000,0x0000,0x0000,0x0000,0x0000,0x0000,0x0000,
  0x0000,0x1194,0x1A7F,0x11D7,0x0000,0x0000,0x0087,0x1A7F,0x1A7F,0x1A7F,0x1A7F,0x1A7F,
  0x19D8,0x0000,0x0000,0x0000,0x0000,0x0000,0x0000,0x0000,0x0000,0x0000,0x0000,0x0000,
  0x0000,0x0000,0x0000,0x0000,0x0000,0x0000,0x0000,0x0000,0x0000,0x0000,0x0000,0x0000,
  0x0000,0x0000,0x0000,0x0000,0x0000,0x0000,0x0000,0x0000,0x0000,0x0000,0x11B5,0x1A7F,
  0x1A7F,0x1A7F,0x1A7F,0x1A7F,0x1A7F,0x1A7F,0x1A7F,0x1A7F,0x1A7F,0x1194,0x0000,0x0000,
  0x0000,0x0000,0x0000,0x0000,0x0000,0x0000,0x0000,0x0000,0x0000,0x0000,0x0000,0x0000,
  0x0000,0x0000,0x0000,0x0000,0x0000,0x0000,0x0000,0x0000,0x0000,0x0000,0x0000,0x0000,
  0x0000,0x0000,0x0000,0x0000,0x0000,0x0000,0x0000,0x0000,0x0000,0x0000,0x0000,0x0000,
  0x0000,0x0000,0x0000,0x0000,0x0000,0x0000,0x0000,0x0000,0x0000,0x0000,0x0000,0x0000,
  0x0000,0x0000,0x0000,0x0000,0x0000,0x0000,0x0000,0x0000,0x1151,0x1A7F,0x1A7F,0x1194,
  0x0000,0x0000,0x08A8,0x1A7F,0x1A7F,0x1A7F,0x1A7F,0x1A7F,0x1A7F,0x0044,0x0000,0x0000,
  0x0000,0x0000,0x0000,0x0000,0x0000,0x0000,0x0000,0x0000,0x0000,0x0000,0x0000,0x0000,
  0x0000,0x0000,0x0000,0x0000,0x0000,0x0000,0x0000,0x0000,0x0000,0x0000,0x0000,0x0000,
  0x0000,0x0000,0x0000,0x0000,0x0000,0x0001,0x1A3D,0x1A7F,0x1A7F,0x1A7F,0x1A7F,0x1A7F,
  0x1A7F,0x1A7F,0x1A7F,0x1A7F,0x1A7F,0x1A3D,0x0022,0x0000,0x0000,0x0000,0x0000,0x0000,
  0x0000,0x0000,0x0000,0x0000,0x0000,0x0000,0x0000,0x0000,0x0000,0x0000,0x0000,0x0000,
  0x0000,0x0000,0x0000,0x0000,0x0000,0x0000,0x0000,0x0000,0x0000,0x0000,0x0000,0x0000,
  0x0000,0x0000,0x0000,0x0000,0x0000,0x0000,0x0000,0x0000,0x0000,0x0000,0x0000,0x0000,
  0x0000,0x0000,0x0000,0x0000,0x0000,0x0000,0x0000,0x0000,0x0000,0x0000,0x0000,0x0000,
  0x0000,0x0000,0x0000,0x0087,0x1A7F,0x1A5E,0x1A7F,0x092F,0x0000,0x0000,0x08A8,0x1A7F,
  0x1A7F,0x1A7F,0x1A7F,0x1A7F,0x1A7F,0x08EC,0x0000,0x0000,0x0000,0x0000,0x0000,0x0000,
  0x0000,0x0000,0x0000,0x0000,0x0000,0x0000,0x0000,0x0000,0x0000,0x0000,0x0000,0x0000,
  0x0000,0x0000,0x0000,0x0000,0x0000,0x0000,0x0000,0x0000,0x0000,0x0000,0x0000,0x0000,
  0x0000,0x08A8,0x1A7F,0x1A7F,0x1A7F,0x1A7F,0x1A7F,0x1A7F,0x1A7F,0x1A7F,0x1A7F,0x1A7F,
  0x1A7F,0x1A7F,0x08EC,0x0000,0x0000,0x0000,0x0000,0x0000,0x0000,0x0000,0x0000,0x0000,
  0x0000,0x0000,0x0000,0x0000,0x0000,0x0000,0x0000,0x0000,0x0000,0x0000,0x0000,0x0000,
  0x0000,0x0000,0x0000,0x0000,0x0000,0x0000,0x0000,0x0000,0x0000,0x0000,0x0000,0x0000,
  0x0000,0x0000,0x0000,0x0000,0x0000,0x0000,0x0000,0x0000,0x0000,0x0000,0x0000,0x0000,
  0x0000,0x0000,0x0000,0x0000,0x0000,0x0000,0x0000,0x0000,0x0000,0x0000,0x0000,0x19F9,
  0x1A7F,0x1A7F,0x1A7F,0x092F,0x0000,0x0000,0x0087,0x1A7F,0x1A7F,0x1A7F,0x1A7F,0x1A7F,
  0x1A7F,0x11B5,0x0000,0x0000,0x0000,0x0000,0x0000,0x0000,0x0000,0x0000,0x0000,0x0000,
  0x0000,0x0000,0x0000,0x0000,0x0000,0x0000,0x0000,0x0000,0x0000,0x0000,0x0000,0x0000,
  0x0000,0x0000,0x0000,0x0000,0x0000,0x0000,0x0000,0x0000,0x0000,0x11B6,0x1A7F,0x1A7F,
  0x1A7F,0x1A7F,0x1A7F,0x1A7F,0x1A7F,0x1A7F,0x1A7F,0x1A7F,0x1A7F,0x1A7F,0x1172,0x0000,
  0x0000,0x0000,0x0000,0x0000,0x0000,0x0000,0x0000,0x0000,0x0000,0x0000,0x0000,0x0000,
  0x0000,0x0000,0x0000,0x0000,0x0000,0x0000,0x0000,0x0000,0x0000,0x0000,0x0000,0x0000,
  0x0000,0x0000,0x0000,0x0000,0x0000,0x0000,0x0000,0x0000,0x0000,0x0000,0x0000,0x0000,
  0x0000,0x0000,0x0000,0x0000,0x0000,0x0000,0x0000,0x0000,0x0000,0x0000,0x0000,0x0000,
  0x0000,0x0000,0x0000,0x0000,0x0000,0x0000,0x090D,0x1A7F,0x1A7F,0x1A7F,0x1A7F,0x1172,
  0x0000,0x0000,0x0022,0x1A3D,0x1A7F,0x1A7F,0x1A7F,0x1A7F,0x1A7F,0x1A1B,0x0000,0x0000,
  0x0000,0x0000,0x0000,0x0000,0x0000,0x0000,0x0000,0x0000,0x0000,0x0000,0x0000,0x0000,
  0x0000,0x0000,0x0000,0x0000,0x0000,0x0000,0x0000,0x0000,0x0000,0x0000,0x0000,0x0000,
  0x0000,0x0000,0x0000,0x0000,0x0000,0x1A1A,0x1A7F,0x1A7F,0x1A7F,0x1A7F,0x1A7F,0x1A7F,
  0x1A7F,0x1A7F,0x1A7F,0x1A7F,0x1A7F,0x1A7F,0x1A1B,0x0001,0x0000,0x0000,0x0000,0x0000,
  0x0000,0x0000,0x0000,0x0000,0x0000,0x0000,0x0000,0x0000,0x0000,0x0000,0x0000,0x0000,
  0x0000,0x0000,0x0000,0x0000,0x0000,0x0000,0x0000,0x0000,0x0000,0x0000,0x0000,0x0000,
  0x0000,0x0000,0x0000,0x0000,0x0000,0x0000,0x0000,0x0000,0x0000,0x0000,0x0000,0x0000,
  0x0000,0x0000,0x0000,0x0000,0x0000,0x0000,0x0000,0x0000,0x0000,0x0000,0x0000,0x0000,
  0x0000,0x0022,0x1A3D,0x1A7F,0x1A7F,0x1A7F,0x1A7F,0x11D7,0x0000,0x0000,0x0000,0x11B6,
  0x1A7F,0x1A7F,0x1A7F,0x1A7F,0x1A7F,0x1A7F,0x0066,0x0000,0x0000,0x0000,0x0000,0x0000,
  0x0000,0x0000,0x0000,0x0000,0x0000,0x0000,0x0000,0x0000,0x0000,0x0000,0x0000,0x0000,
  0x0000,0x0000,0x0000,0x0000,0x0000,0x0000,0x0000,0x0000,0x0000,0x0000,0x0000,0x0000,
  0x08A8,0x1A7F,0x1A7F,0x1A7F,0x1A7F,0x1A7F,0x1A7F,0x1A7F,0x1A7F,0x1A7F,0x1A7F,0x1A7F,
  0x1A7F,0x1A7F,0x1A7F,0x08A9,0x0000,0x0000,0x0000,0x0000,0x0000,0x0000,0x0000,0x0000,
  0x0000,0x0000,0x0000,0x0000,0x0000,0x0000,0x0000,0x0000,0x0000,0x0000,0x0000,0x0000,
  0x0000,0x0000,0x0000,0x0000,0x0000,0x0000,0x0000,0x0000,0x0000,0x0000,0x0000,0x0000,
  0x0000,0x0000,0x0000,0x0000,0x0000,0x0000,0x0000,0x0000,0x0000,0x0000,0x0000,0x0000,
  0x0000,0x0000,0x0000,0x0000,0x0000,0x0000,0x0000,0x0000,0x0000,0x08CA,0x1A7F,0x1A7F,
  0x1A7F,0x1A7F,0x1A7F,0x1A3C,0x0022,0x0000,0x0000,0x08EC,0x1A7F,0x1A7F,0x1A7F,0x1A7F,
  0x1A7F,0x1A7F,0x090E,0x0000,0x0000,0x0000,0x0000,0x0000,0x0000,0x0000,0x0000,0x0000,
  0x0000,0x0000,0x0000,0x0000,0x0000,0x0000,0x0000,0x0000,0x0000,0x0000,0x0000,0x0000,
  0x0000,0x0000,0x0000,0x0000,0x0000,0x0000,0x0000,0x0000,0x1130,0x1A7F,0x1A7F,0x1A7F,
  0x1A7F,0x1A7F,0x1A7F,0x1A7F,0x1A7F,0x1A7F,0x1A7F,0x1A7F,0x1A7F,0x1A7F,0x1A7F,0x1172,
  0x0000,0x0000,0x0000,0x0000,0x0000,0x0000,0x0000,0x0000,0x0000,0x0000,0x0000,0x0000,
  0x0000,0x0000,0x0000,0x0000,0x0000,0x0000,0x0000,0x0000,0x0000,0x0000,0x0000,0x0000,
  0x0000,0x0000,0x0000,0x0000,0x0000,0x0000,0x0000,0x0000,0x0000,0x0000,0x0000,0x0000,
  0x0000,0x0000,0x0000,0x0000,0x0000,0x0000,0x0000,0x0000,0x0000,0x0000,0x0000,0x0000,
  0x0000,0x0000,0x0000,0x0000,0x0000,0x1A1A,0x1A7F,0x1A7F,0x1A7F,0x1A7F,0x1A7F,0x1A7F,
  0x0087,0x0000,0x0000,0x0022,0x1A3D,0x1A7F,0x1A7F,0x1A7F,0x1A7F,0x1A7F,0x19F9,0x0000,
  0x0000,0x0000,0x0000,0x0000,0x0000,0x0000,0x0000,0x0000,0x0000,0x0000,0x0000,0x0000,
  0x0000,0x0000,0x0000,0x0000,0x0000,0x0000,0x0000,0x0000,0x0000,0x0000,0x0000,0x0000,
  0x0000,0x0000,0x0000,0x0000,0x1A1A,0x1A7F,0x1A7F,0x1A7F,0x1A7F,0x1A7F,0x1A7F,0x1A7F,
  0x1A7F,0x1A7F,0x1A7F,0x1A7F,0x1A7F,0x1A7F,0x1A7F,0x19D8,0x0000,0x0000,0x0000,0x0000,
  0x0000,0x0000,0x0000,0x0000,0x0000,0x0000,0x0000,0x0000,0x0000,0x0000,0x0000,0x0000,
  0x0000,0x0000,0x0000,0x0000,0x0000,0x0000,0x0000,0x0000,0x0000,0x0000,0x0000,0x0000,
  0x0000,0x0000,0x0000,0x0000,0x0000,0x0000,0x0000,0x0000,0x0000,0x0000,0x0000,0x0000,
  0x0000,0x0000,0x0000,0x0000,0x0000,0x0000,0x0000,0x0000,0x0000,0x0000,0x0000,0x0000,
  0x0065,0x1A7F,0x1A7F,0x1A7F,0x1A7F,0x1A7F,0x1A7F,0x1A7F,0x1173,0x0000,0x0000,0x0000,
  0x1130,0x1A7F,0x1A7F,0x1A7F,0x1A7F,0x1A7F,0x1A5E,0x0022,0x0000,0x0000,0x0000,0x0000,
  0x0000,0x0000,0x0000,0x0000,0x0000,0x0000,0x0000,0x0000,0x0000,0x0000,0x0000,0x0000,
  0x0000,0x0000,0x0000,0x0000,0x0000,0x0000,0x0000,0x0000,0x0000,0x0000,0x0000,0x0023,
  0x1A5E,0x1A7F,0x1A7F,0x1A7F,0x1A7F,0x1A7F,0x1A7F,0x1A7F,0x1A7F,0x1A7F,0x1A7F,0x1A7F,
  0x1A7F,0x1A7F,0x1A7F,0x1A3D,0x0023,0x0000,0x0000,0x0000,0x0000,0x0000,0x0000,0x0000,
  0x0000,0x0000,0x0000,0x0000,0x0000,0x0000,0x0000,0x0000,0x0000,0x0000,0x0000,0x0000,
  0x0000,0x0000,0x0000,0x0000,0x0000,0x0000,0x0000,0x0000,0x0000,0x0000,0x0000,0x0000,
  0x0000,0x0000,0x0000,0x0000,0x0000,0x0000,0x0000,0x0000,0x0000,0x0000,0x0000,0x0000,
  0x0000,0x0000,0x0000,0x0000,0x0000,0x0000,0x0000,0x0000,0x1130,0x1A7F,0x1A7F,0x1A7F,
  0x1A7F,0x1A7F,0x1A7F,0x1A7F,0x1A3D,0x0023,0x0000,0x0000,0x0022,0x1A1A,0x1A7F,0x1A7F,
  0x1A7F,0x1A7F,0x1A7F,0x08A9,0x0000,0x0000,0x0000,0x0000,0x0000,0x0000,0x0000,0x0000,
  0x0000,0x0000,0x0000,0x0000,0x0000,0x0000,0x0000,0x0000,0x0000,0x0000,0x0000,0x0000,
  0x0000,0x0000,0x0000,0x0000,0x0000,0x0000,0x0000,0x08EC,0x1A7F,0x1A7F,0x1A7F,0x1A7F,
  0x1A7F,0x1A7F,0x1A7F,0x1A7F,0x1A7F,0x1A7F,0x1A7F,0x1A7F,0x1A7F,0x1A7F,0x1A7F,0x1A7F,
  0x090E,0x0000,0x0000,0x0000,0x0000,0x0000,0x0000,0x0000,0x0000,0x0000,0x0000,0x0000,
  0x0000,0x0000,0x0000,0x0000,0x0000,0x0000,0x0000,0x0000,0x0000,0x0000,0x0000,0x0000,
  0x0000,0x0000,0x0000,0x0000,0x0000,0x0000,0x0000,0x0000,0x0000,0x0000,0x0000,0x0000,
  0x0000,0x0000,0x0000,0x0000,0x0000,0x0000,0x0000,0x0000,0x0000,0x0000,0x0000,0x0000,
  0x0000,0x0000,0x0000,0x0000,0x11B6,0x1A7F,0x1A7F,0x1A7F,0x1A7F,0x1A7F,0x1A7F,0x1A7F,
  0x1A7F,0x1194,0x0000,0x0000,0x0000,0x0044,0x1A7F,0x1A7F,0x1A7F,0x1A7F,0x1A7F,0x1172,
  0x0000,0x0000,0x0000,0x0000,0x0000,0x0000,0x0000,0x0000,0x0000,0x0000,0x0000,0x0000,
  0x0000,0x0000,0x0000,0x0000,0x0000,0x0000,0x0000,0x0000,0x0000,0x0000,0x0000,0x0000,
  0x0000,0x0000,0x0000,0x11D7,0x1A7F,0x1A7F,0x1A7F,0x1A7F,0x1A7F,0x1A7F,0x1A7F,0x1A7F,
  0x1A7F,0x1A7F,0x1A7F,0x1A7F,0x1A7F,0x1A7F,0x1A7F,0x1A7F,0x19D8,0x0000,0x0000,0x0000,
  0x0000,0x0000,0x0000,0x0000,0x0000,0x0000,0x0000,0x0000,0x0000,0x0000,0x0000,0x0000,
  0x0000,0x0000,0x0000,0x0000,0x0000,0x0000,0x0000,0x0000,0x0000,0x0000,0x0000,0x0000,
  0x0000,0x0000,0x0000,0x0000,0x0000,0x0000,0x0000,0x0000,0x0000,0x0000,0x0000,0x0000,
  0x0000,0x0000,0x0000,0x0000,0x0000,0x0000,0x0000,0x0000,0x0000,0x0000,0x0000,0x0000,
  0x1A1A,0x1A7F,0x1A7F,0x1A7F,0x1A7F,0x1A7F,0x1A7F,0x1A7F,0x1A7F,0x1A7F,0x0087,0x0000,
  0x0000,0x0000,0x1151,0x1A7F,0x1A7F,0x1A7F,0x1A7F,0x1A3C,0x0001,0x0000,0x0000,0x0000,
  0x0000,0x0000,0x0000,0x0000,0x0000,0x0000,0x0000,0x0000,0x0000,0x0000,0x0000,0x0000,
  0x0000,0x0000,0x0000,0x0000,0x0000,0x0000,0x0000,0x0000,0x0000,0x0000,0x0001,0x1A3C,
  0x1A7F,0x1A7F,0x1A7F,0x1A7F,0x1A7F,0x1A7F,0x1A7F,0x1A7F,0x1A7F,0x1A7F,0x1A7F,0x1A7F,
  0x1A7F,0x1A7F,0x1A7F,0x1A7F,0x1A3D,0x0001,0x0000,0x0000,0x0000,0x0000,0x0000,0x0000,
  0x0000,0x0000,0x0000,0x0000,0x0000,0x0000,0x0000,0x0000,0x0000,0x0000,0x0000,0x0000,
  0x0000,0x0000,0x0000,0x0000,0x0000,0x0000,0x0000,0x0000,0x0000,0x0000,0x0000,0x0000,
  0x0000,0x0000,0x0000,0x0000,0x0000,0x0000,0x0000,0x0000,0x0000,0x0000,0x0000,0x0000,
  0x0000,0x0000,0x0000,0x0000,0x0000,0x0000,0x0000,0x0065,0x1A7F,0x1A7F,0x1A7F,0x1A7F,
  0x1A7F,0x1A7F,0x1A7F,0x1A7F,0x1A7F,0x1A7F,0x19F9,0x0000,0x0000,0x0000,0x0000,0x11B5,
  0x1A7F,0x1A7F,0x1A7F,0x1A7F,0x0066,0x0000,0x0000,0x0000,0x0000,0x0000,0x0000,0x0000,
  0x0000,0x0000,0x0000,0x0000,0x0000,0x0000,0x0000,0x0000,0x0000,0x0000,0x0000,0x0000,
  0x0000,0x0000,0x0000,0x0000,0x0000,0x0000,0x08CB,0x1A7F,0x1A7F,0x1A7F,0x1A7F,0x1A7F,
  0x1A7F,0x1A7F,0x1A7F,0x1A7F,0x1A7F,0x1A7F,0x1A7F,0x1A7F,0x1A7F,0x1A7F,0x1A7F,0x1A7F,
  0x1A7F,0x08CB,0x0000,0x0000,0x0000,0x0000,0x0000,0x0000,0x0000,0x0000,0x0000,0x0000,
  0x0000,0x0000,0x0000,0x0000,0x0000,0x0000,0x0000,0x0000,0x0000,0x0000,0x0000,0x0000,
  0x0000,0x0000,0x0000,0x0000,0x0000,0x0000,0x0000,0x0000,0x0000,0x0000,0x0000,0x0000,
  0x0000,0x0000,0x0000,0x0000,0x0000,0x0000,0x0000,0x0000,0x0000,0x0000,0x0000,0x0000,
  0x0000,0x0000,0x0000,0x08A8,0x1A7F,0x1A7F,0x1A7F,0x1A7F,0x1A7F,0x1A7F,0x1A7F,0x1A7F,
  0x1A7F,0x1A7F,0x1A7F,0x11B5,0x0000,0x0000,0x0000,0x0000,0x19D8,0x1A7F,0x1A5E,0x1A7F,
  0x1151,0x0000,0x0000,0x0000,0x0000,0x0000,0x0000,0x0000,0x0000,0x0000,0x0000,0x0000,
  0x0000,0x0000,0x0000,0x0000,0x0000,0x0000,0x0000,0x0000,0x0000,0x0000,0x0000,0x0000,
  0x0000,0x0000,0x1172,0x1A7F,0x1A7F,0x1A7F,0x1A7F,0x1A7F,0x1A7F,0x1A7F,0x1A7F,0x1A7F,
  0x1A7F,0x1A7F,0x1A7F,0x1A7F,0x1A7F,0x1A7F,0x1A7F,0x1A7F,0x1A7F,0x11B6,0x0000,0x0000,
  0x0000,0x0000,0x0000,0x0000,0x0000,0x0000,0x0000,0x0000,0x0000,0x0000,0x0000,0x0000,
  0x0000,0x0000,0x0000,0x0000,0x0000,0x0000,0x0000,0x0000,0x0000,0x0000,0x0000,0x0000,
  0x0000,0x0000,0x0000,0x0000,0x0000,0x0000,0x0000,0x0000,0x0000,0x0000,0x0000,0x0000,
  0x0000,0x0000,0x0000,0x0000,0x0000,0x0000,0x0000,0x0000,0x0000,0x0000,0x0000,0x08A8,
  0x1A7F,0x1A7F,0x1A7F,0x1A7F,0x1A7F,0x1A7F,0x1A7F,0x1A7F,0x1A7F,0x1A7F,0x1A7F,0x1A7F,
  0x090D,0x0000,0x0000,0x0000,0x0022,0x19F9,0x1A7F,0x1A7F,0x19F9,0x0000,0x0000,0x0000,
  0x0000,0x0000,0x0000,0x0000,0x0000,0x0000,0x0000,0x0000,0x0000,0x0000,0x0000,0x0000,
  0x0000,0x0000,0x0000,0x0000,0x0000,0x0000,0x0000,0x0000,0x0000,0x0022,0x1A3C,0x1A7F,
  0x1A7F,0x1A7F,0x1A7F,0x1A7F,0x1A7F,0x1A7F,0x1A7F,0x1A7F,0x1A7F,0x1A7F,0x1A7F,0x1A7F,
  0x1A7F,0x1A7F,0x1A7F,0x1A7F,0x1A7F,0x1A3C,0x0001,0x0000,0x0000,0x0000,0x0000,0x0000,
  0x0000,0x0000,0x0000,0x0000,0x0000,0x0000,0x0000,0x0000,0x0000,0x0000,0x0000,0x0000,
  0x0000,0x0000,0x0000,0x0000,0x0000,0x0000,0x0000,0x0000,0x0000,0x0000,0x0000,0x0000,
  0x0000,0x0000,0x0000,0x0000,0x0000,0x0000,0x0000,0x0000,0x0000,0x0000,0x0000,0x0000,
  0x0000,0x0000,0x0000,0x0000,0x0000,0x0000,0x0000,0x092F,0x1A7F,0x1A7F,0x1A7F,0x1A7F,
  0x1A7F,0x1A7F,0x1A7F,0x1A7F,0x1A7F,0x1A7F,0x1A7F,0x1A7F,0x1A7F,0x090D,0x0000,0x0000,
  0x0000,0x0022,0x11D7,0x1A7F,0x1A5E,0x0065,0x0000,0x0000,0x0000,0x0000,0x0000,0x0000,
  0x0000,0x0000,0x0000,0x0000,0x0000,0x0000,0x0000,0x0000,0x0000,0x0000,0x0000,0x0000,
  0x0000,0x0000,0x0000,0x0000,0x0000,0x0087,0x1A7F,0x1A7F,0x1A7F,0x1A7F,0x1A7F,0x1A7F,
  0x1A7F,0x1A7F,0x1A7F,0x1A7F,0x1A7F,0x1A7F,0x1A7F,0x1A7F,0x1A7F,0x1A7F,0x1A7F,0x1A7F,
  0x1A7F,0x1A7F,0x08A8,0x0000,0x0000,0x0000,0x0000,0x0000,0x0000,0x0000,0x0000,0x0000,
  0x0000,0x0000,0x0000,0x0000,0x0000,0x0000,0x0000,0x0000,0x0000,0x0000,0x0000,0x0000,
  0x0000,0x0000,0x0000,0x0000,0x0000,0x0000,0x0000,0x0000,0x0000,0x0000,0x0000,0x0000,
  0x0000,0x0000,0x0000,0x0000,0x0000,0x0000,0x0000,0x0000,0x0000,0x0000,0x0000,0x0000,
  0x0000,0x0000,0x0000,0x1130,0x1A7F,0x1A7F,0x1A7F,0x1A7F,0x1A7F,0x1A7F,0x1A7F,0x1A7F,
  0x1A7F,0x1A7F,0x1A7F,0x1A7F,0x1A7F,0x1A7F,0x08EC,0x0000,0x0000,0x0000,0x0000,0x1194,
  0x1A7F,0x090D,0x0000,0x0000,0x0000,0x0000,0x0000,0x0000,0x0000,0x0000,0x0000,0x0000,
  0x0000,0x0000,0x0000,0x0000,0x0000,0x0000,0x0000,0x0000,0x0000,0x0000,0x0000,0x0000,
  0x0000,0x092F,0x1A7F,0x1A7F,0x1A7F,0x1A7F,0x1A7F,0x1A7F,0x1A7F,0x1A7F,0x1A7F,0x1A7F,
  0x1A7F,0x1A7F,0x1A7F,0x1A7F,0x1A7F,0x1A7F,0x1A7F,0x1A7F,0x1A7F,0x1A7F,0x1194,0x0000,
  0x0000,0x0000,0x0000,0x0000,0x0000,0x0000,0x0000,0x0000,0x0000,0x0000,0x0000,0x0000,
  0x0000,0x0000,0x0000,0x0000,0x0000,0x0000,0x0000,0x0000,0x0000,0x0000,0x0000,0x0000,
  0x0000,0x0000,0x0000,0x0000,0x0000,0x0000,0x0000,0x0000,0x0000,0x0000,0x0000,0x0000,
  0x0000,0x0000,0x0000,0x0000,0x0000,0x0000,0x0000,0x0000,0x0000,0x0000,0x0000,0x092F,
  0x1A7F,0x1A7F,0x1A7F,0x1A7F,0x1A7F,0x1A7F,0x1A7F,0x1A7F,0x1A7F,0x1A7F,0x1A7F,0x1A7F,
  0x1A7F,0x1A7F,0x1A7F,0x08EC,0x0000,0x0000,0x0000,0x0000,0x1194,0x1A1A,0x0000,0x0000,
  0x0000,0x0000,0x0000,0x0000,0x0000,0x0000,0x0000,0x0000,0x0000,0x0000,0x0000,0x0000,
  0x0000,0x0000,0x0000,0x0000,0x0000,0x0000,0x0000,0x0000,0x0001,0x1A3C,0x1A7F,0x1A7F,
  0x1A7F,0x1A7F,0x1A7F,0x1A7F,0x1A7F,0x1A7F,0x1A7F,0x1A7F,0x1A7F,0x1A7F,0x1A7F,0x1A7F,
  0x1A7F,0x1A7F,0x1A7F,0x1A7F,0x1A7F,0x1A7F,0x1A1B,0x0000,0x0000,0x0000,0x0000,0x0000,
  0x0000,0x0000,0x0000,0x0000,0x0000,0x0000,0x0000,0x0000,0x0000,0x0000,0x0000,0x0000,
  0x0000,0x0000,0x0000,0x0000,0x0000,0x0000,0x0000,0x0000,0x0000,0x0000,0x0000,0x0000,
  0x0000,0x0000,0x0000,0x0000,0x0000,0x0000,0x0000,0x0000,0x0000,0x0000,0x0000,0x0000,
  0x0000,0x0000,0x0000,0x0000,0x0000,0x0000,0x0000,0x08A8,0x1A7F,0x1A7F,0x1A7F,0x1A7F,
  0x1A7F,0x1A7F,0x1A7F,0x1A7F,0x1A7F,0x1A7F,0x1A7F,0x1A7F,0x1A7F,0x1A7F,0x1A7F,0x1A7F,
  0x1173,0x0000,0x0000,0x0000,0x0000,0x08CB,0x0001,0x0000,0x0000,0x0000,0x0000,0x0000,
  0x0000,0x0000,0x0000,0x0000,0x0000,0x0000,0x0000,0x0000,0x0000,0x0000,0x0000,0x0000,
  0x0000,0x0000,0x0000,0x0000,0x0044,0x1A7F,0x1A7F,0x1A7F,0x1A7F,0x1A7F,0x1A7F,0x1A7F,
  0x1A7F,0x1A7F,0x1A7F,0x1A7F,0x1A7F,0x1A7F,0x1A7F,0x1A7F,0x1A7F,0x1A7F,0x1A7F,0x1A7F,
  0x1A7F,0x1A7F,0x1A7F,0x08A8,0x0000,0x0000,0x0000,0x0000,0x0000,0x0000,0x0000,0x0000,
  0x0000,0x0000,0x0000,0x0000,0x0000,0x0000,0x0000,0x0000,0x0000,0x0000,0x0000,0x0000,
  0x0000,0x0000,0x0000,0x0000,0x0000,0x0000,0x0000,0x0000,0x0000,0x0000,0x0000,0x0000,
  0x0000,0x0000,0x0000,0x0000,0x0000,0x0000,0x0000,0x0000,0x0000,0x0000,0x0000,0x0000,
  0x0000,0x0000,0x0000,0x08A8,0x1A7F,0x1A7F,0x1A7F,0x1A7F,0x1A7F,0x1A7F,0x1A7F,0x1A7F,
  0x1A7F,0x1A7F,0x1A7F,0x1A7F,0x1A7F,0x1A7F,0x1A7F,0x1A7F,0x1A7F,0x11B5,0x0022,0x0000,
  0x0000,0x0000,0x0000,0x0000,0x0000,0x0000,0x0000,0x0000,0x0000,0x0000,0x0000,0x0000,
  0x0000,0x0000,0x0000,0x0000,0x0000,0x0000,0x0000,0x0000,0x0000,0x0000,0x0000,0x0000,
  0x1130,0x1A7F,0x1A7F,0x1A7F,0x1A7F,0x1A7F,0x1A7F,0x1A7F,0x1A7F,0x1A7F,0x1A7F,0x1A7F,
  0x1A7F,0x1A7F,0x1A7F,0x1A7F,0x1A7F,0x1A7F,0x1A7F,0x1A7F,0x1A7F,0x1A7F,0x1A7F,0x1172,
  0x0000,0x0000,0x0000,0x0000,0x0000,0x0000,0x0000,0x0000,0x0000,0x0000,0x0000,0x0000,
  0x0000,0x0000,0x0000,0x0000,0x0000,0x0000,0x0000,0x0000,0x0000,0x0000,0x0000,0x0000,
  0x0000,0x0000,0x0000,0x0000,0x0000,0x0000,0x0000,0x0000,0x0000,0x0000,0x0000,0x0000,
  0x0000,0x0000,0x0000,0x0000,0x0000,0x0000,0x0000,0x0000,0x0000,0x0000,0x0000,0x0065,
  0x1A7F,0x1A7F,0x1A7F,0x1A7F,0x1A7F,0x1A7F,0x1A7F,0x1A7F,0x1A7F,0x1A7F,0x1A7F,0x1A7F,
  0x1A7F,0x1A7F,0x1A7F,0x1A7F,0x1A7F,0x1A7F,0x1A1B,0x0087,0x0000,0x0000,0x0000,0x0000,
  0x0000,0x0000,0x0000,0x0000,0x0000,0x0000,0x0000,0x0000,0x0000,0x0000,0x0000,0x0000,
  0x0000,0x0000,0x0000,0x0000,0x0000,0x0000,0x0000,0x0000,0x19D8,0x1A7F,0x1A7F,0x1A7F,
  0x1A7F,0x1A7F,0x1A7F,0x1A7F,0x1A7F,0x1A7F,0x1A7F,0x1A7F,0x1A7F,0x1A7F,0x1A7F,0x1A7F,
  0x1A7F,0x1A7F,0x1A7F,0x1A7F,0x1A7F,0x1A7F,0x1A7F,0x19F9,0x0000,0x0000,0x0000,0x0000,
  0x0000,0x0000,0x0000,0x0000,0x0000,0x0000,0x0000,0x0000,0x0000,0x0000,0x0000,0x0000,
  0x0000,0x0000,0x0000,0x0000,0x0000,0x0000,0x0000,0x0000,0x0000,0x0000,0x0000,0x0000,
  0x0000,0x0000,0x0000,0x0000,0x0000,0x0000,0x0000,0x0000,0x0000,0x0000,0x0000,0x0000,
  0x0000,0x0000,0x0000,0x0000,0x0000,0x0000,0x0000,0x0000,0x19F9,0x1A7F,0x1A7F,0x1A7F,
  0x1A7F,0x1A7F,0x1A7F,0x1A7F,0x1A7F,0x1A7F,0x1A7F,0x1A7F,0x1A7F,0x1A7F,0x1A7F,0x1A7F,
  0x1A7F,0x1A7F,0x1A7F,0x1A7F,0x090E,0x0000,0x0000,0x0000,0x0000,0x0000,0x0000,0x0000,
  0x0000,0x0000,0x0000,0x0000,0x0000,0x0000,0x0000,0x0000,0x0000,0x0000,0x0000,0x0000,
  0x0000,0x0000,0x0000,0x0023,0x1A3D,0x1A7F,0x1A7F,0x1A7F,0x1A7F,0x1A7F,0x1A7F,0x1A1B,
  0x090D,0x1A7F,0x1A7F,0x1A7F,0x1A7F,0x1A7F,0x1A7F,0x1A7F,0x1A7F,0x1A7F,0x1A7F,0x1A7F,
  0x1A7F,0x1A7F,0x1A7F,0x1A7F,0x0065,0x0000,0x0000,0x0000,0x0000,0x0000,0x0000,0x0000,
  0x0000,0x0000,0x0000,0x0000,0x0000,0x0000,0x0000,0x0000,0x0000,0x0000,0x0000,0x0000,
  0x0000,0x0000,0x0000,0x0000,0x0000,0x0000,0x0000,0x0000,0x0000,0x0000,0x0000,0x0000,
  0x0000,0x0000,0x0000,0x0000,0x0000,0x0000,0x0000,0x0000,0x0000,0x0000,0x0000,0x0000,
  0x0000,0x0000,0x0000,0x0000,0x1172,0x1A7F,0x1A7F,0x1A7F,0x1A7F,0x1A7F,0x1A7F,0x1A7F,
  0x1A7F,0x1A7F,0x1A7F,0x1A7F,0x1A7F,0x1A7F,0x1A7F,0x1A7F,0x1A7F,0x1A7F,0x1A7F,0x1A7F,
  0x1A7F,0x11B5,0x0044,0x0000,0x0000,0x0000,0x0000,0x0000,0x0000,0x0000,0x0000,0x0000,
  0x0000,0x0000,0x0000,0x0000,0x0000,0x0000,0x0000,0x0000,0x0000,0x0000,0x0000,0x090D,
  0x1A7F,0x1A7F,0x1A7F,0x1A7F,0x1A7F,0x1A7F,0x1A7F,0x1172,0x0000,0x1A7F,0x1A7F,0x1A7F,
  0x1A7F,0x1A7F,0x1A7F,0x1A7F,0x1A7F,0x1A7F,0x1A7F,0x1A7F,0x1A7F,0x1A7F,0x1A7F,0x1A7F,
  0x1151,0x0000,0x0000,0x0000,0x0000,0x0000,0x0000,0x0000,0x0000,0x0000,0x0000,0x0000,
  0x0000,0x0000,0x0000,0x0000,0x0000,0x0000,0x0000,0x0000,0x0000,0x0000,0x0000,0x0000,
  0x0000,0x0000,0x0000,0x0000,0x0000,0x0000,0x0000,0x0000,0x0000,0x0000,0x0000,0x0000,
  0x0000,0x0000,0x0000,0x0000,0x0000,0x0000,0x0000,0x0000,0x0000,0x0000,0x0000,0x0000,
  0x08CB,0x1A7F,0x1A7F,0x1A7F,0x1A7F,0x1A7F,0x1A7F,0x1A7F,0x1A7F,0x1A7F,0x1A7F,0x1A7F,
  0x1A7F,0x1A7F,0x1A7F,0x1A7F,0x1A7F,0x1A7F,0x1A7F,0x1A7F,0x1A7F,0x1A7F,0x1A3D,0x0066,
  0x0000,0x0000,0x0000,0x0000,0x0000,0x0000,0x0000,0x0000,0x0000,0x0000,0x0000,0x0000,
  0x0000,0x0000,0x0000,0x0000,0x0000,0x0000,0x0000,0x1194,0x1A7F,0x1A7F,0x1A7F,0x1A7F,
  0x1A7F,0x1A7F,0x1A7F,0x092F,0x0000,0x11D7,0x1A7F,0x1A7F,0x1A7F,0x1A7F,0x1A7F,0x1A7F,
  0x1A7F,0x1A7F,0x1A7F,0x1A7F,0x1A7F,0x1A7F,0x1A7F,0x1A7F,0x19D8,0x0000,0x0000,0x0000,
  0x0000,0x0000,0x0000,0x0000,0x0000,0x0000,0x0000,0x0000,0x0000,0x0000,0x0000,0x0000,
  0x0000,0x0000,0x0000,0x0000,0x0000,0x0000,0x0000,0x0000,0x0000,0x0000,0x0000,0x0000,
  0x0000,0x0000,0x0000,0x0000,0x0000,0x0000,0x0000,0x0000,0x0000,0x0000,0x0000,0x0000,
  0x0000,0x0000,0x0000,0x0000,0x0000,0x0000,0x0000,0x0000,0x0001,0x1A1B,0x1A7F,0x1A7F,
  0x1A7F,0x1A7F,0x1A7F,0x1A7F,0x1A7F,0x1A7F,0x1A7F,0x1A7F,0x1A7F,0x1A7F,0x1A7F,0x1A7F,
  0x1A7F,0x1A7F,0x1A7F,0x1A7F,0x1A7F,0x1A7F,0x1A7F,0x1A5E,0x090D,0x0000,0x0000,0x0000,
  0x0000,0x0000,0x0000,0x0000,0x0000,0x0000,0x0000,0x0000,0x0000,0x0000,0x0000,0x0000,
  0x0000,0x0000,0x0023,0x1A5E,0x1A7F,0x1A7F,0x1A7F,0x1A7F,0x1A7F,0x1A7F,0x1A7F,0x08A8,
  0x0000,0x092F,0x1A7F,0x1A7F,0x1A7F,0x1A7F,0x1A7F,0x1A7F,0x1A7F,0x1A7F,0x1A7F,0x1A7F,
  0x1A7F,0x1A7F,0x1A7F,0x1A7F,0x1A3D,0x0023,0x0000,0x0000,0x0000,0x0000,0x0000,0x0000,
  0x0000,0x0000,0x0000,0x0000,0x0000,0x0000,0x0000,0x0000,0x0000,0x0000,0x0000,0x0000,
  0x0000,0x0000,0x0000,0x0000,0x0000,0x0000,0x0000,0x0000,0x0000,0x0000,0x0000,0x0000,
  0x0000,0x0000,0x0000,0x0000,0x0000,0x0000,0x0000,0x0000,0x0000,0x0000,0x0000,0x0000,
  0x0000,0x0000,0x0000,0x0000,0x0000,0x092F,0x1A7F,0x1A7F,0x1A7F,0x1A7F,0x1A7F,0x1A7F,
  0x1A7F,0x1A7F,0x1A7F,0x1A7F,0x1A7F,0x1A7F,0x1A7F,0x1A7F,0x1A7F,0x1A7F,0x1A7F,0x1A7F,
  0x1A7F,0x1A7F,0x1A7F,0x1A7F,0x1A7F,0x11D7,0x0044,0x0000,0x0000,0x0000,0x0000,0x0000,
  0x0000,0x0000,0x0000,0x0000,0x0000,0x0000,0x0000,0x0000,0x0000,0x0000,0x08A8,0x1A7F,
  0x1A7F,0x1A7F,0x1A7F,0x1A7F,0x1A7F,0x1A7F,0x1A1A,0x0000,0x0000,0x0087,0x1A7F,0x1A7F,
  0x1A7F,0x1A7F,0x1A7F,0x1A7F,0x1A7F,0x1A7F,0x1A7F,0x1A7F,0x1A7F,0x1A7F,0x1A7F,0x1A7F,
  0x1A7F,0x090E,0x0000,0x0000,0x0000,0x0000,0x0000,0x0000,0x0000,0x0000,0x0000,0x0000,
  0x0000,0x0000,0x0000,0x0000,0x0000,0x0000,0x0000,0x0000,0x0000,0x0000,0x0000,0x0000,
  0x0000,0x0000,0x0000,0x0000,0x0000,0x0000,0x0000,0x0000,0x0000,0x0000,0x0000,0x0000,
  0x0000,0x0000,0x0000,0x0000,0x0000,0x0000,0x0000,0x0000,0x0000,0x0023,0x0001,0x0000,
  0x0000,0x0022,0x1A3D,0x1A7F,0x1A7F,0x1A7F,0x1A7F,0x1A7F,0x1A7F,0x1A7F,0x1A7F,0x1A7F,
  0x1A7F,0x1A7F,0x1A7F,0x1A7F,0x1A7F,0x1A7F,0x1A7F,0x1A7F,0x1A7F,0x1A7F,0x1A7F,0x1A7F,
  0x1A7F,0x1A7F,0x1A5E,0x08EC,0x0000,0x0000,0x0000,0x0000,0x0000,0x0000,0x0000,0x0000,
  0x0000,0x0000,0x0000,0x0000,0x0000,0x0000,0x1173,0x1A7F,0x1A7F,0x1A7F,0x1A7F,0x1A7F,
  0x1A7F,0x1A7F,0x1172,0x0000,0x0000,0x0001,0x1A3C,0x1A7F,0x1A7F,0x1A7F,0x1A7F,0x1A7F,
  0x1A7F,0x1A7F,0x1A7F,0x1A7F,0x1A7F,0x1A7F,0x1A7F,0x1A7F,0x1A7F,0x11D7,0x0000,0x0000,
  0x0000,0x0000,0x0000,0x0000,0x0000,0x0000,0x0000,0x0000,0x0000,0x0000,0x0000,0x0000,
  0x0000,0x0000,0x0000,0x0000,0x0000,0x0000,0x0000,0x0000,0x0000,0x0000,0x0000,0x0000,
  0x0000,0x0000,0x0000,0x0000,0x0000,0x0000,0x0000,0x0000,0x0000,0x0000,0x0000,0x0000,
  0x0000,0x0000,0x0000,0x0000,0x0000,0x1151,0x0066,0x0000,0x0000,0x0000,0x1130,0x1A7F,
  0x1A7F,0x1A7F,0x1A7F,0x1A7F,0x1A7F,0x1A7F,0x1A7F,0x1A7F,0x1A7F,0x1A7F,0x1A7F,0x1A7F,
  0x1A7F,0x1A7F,0x1A7F,0x1A7F,0x1A7F,0x1A7F,0x1A7F,0x1A7F,0x1A7F,0x1A7F,0x1A7F,0x1A7F,
  0x1172,0x0001,0x0000,0x0000,0x0000,0x0000,0x0000,0x0000,0x0000,0x0000,0x0000,0x0000,
  0x0000,0x0001,0x1A3C,0x1A7F,0x1A7F,0x1A7F,0x1A7F,0x1A7F,0x1A7F,0x1A7F,0x08EC,0x0000,
  0x0000,0x0000,0x1194,0x1A7F,0x1A7F,0x1A7F,0x1A7F,0x1A7F,0x1A7F,0x1A7F,0x1A7F,0x1A7F,
  0x1A7F,0x1A7F,0x1A7F,0x1A7F,0x1A7F,0x1A5E,0x0044,0x0000,0x0000,0x0000,0x0000,0x0000,
  0x0000,0x0000,0x0000,0x0000,0x0000,0x0000,0x0000,0x0000,0x0000,0x0000,0x0000,0x0000,
  0x0000,0x0000,0x0000,0x0000,0x0000,0x0000,0x0000,0x0000,0x0000,0x0000,0x0000,0x0000,
  0x0000,0x0000,0x0000,0x0000,0x0000,0x0000,0x0000,0x0000,0x0000,0x0000,0x0000,0x0000,
  0x0000,0x1A3D,0x1151,0x0000,0x0000,0x0000,0x0001,0x1A1B,0x1A7F,0x1A7F,0x1A7F,0x1A7F,
  0x1A7F,0x1A7F,0x1A7F,0x1A7F,0x1A7F,0x1A7F,0x1A7F,0x1A7F,0x1A7F,0x1A7F,0x1A7F,0x1A7F,
  0x1A7F,0x1A7F,0x1A7F,0x1A7F,0x1A7F,0x1A7F,0x1A7F,0x1A7F,0x1A7F,0x1A1B,0x08A8,0x0000,
  0x0000,0x0000,0x0000,0x0000,0x0000,0x0000,0x0000,0x0000,0x0000,0x0065,0x1A7F,0x1A7F,
  0x1A7F,0x1A7F,0x1A7F,0x1A7F,0x1A7F,0x1A5E,0x0023,0x0000,0x0000,0x0000,0x090D,0x1A7F,
  0x1A7F,0x1A7F,0x1A7F,0x1A7F,0x1A7F,0x1A7F,0x1A7F,0x1A7F,0x1A7F,0x1A7F,0x1A7F,0x1A7F,
  0x1A7F,0x1A7F,0x090E,0x0000,0x0000,0x0000,0x0000,0x0000,0x0000,0x0000,0x0000,0x0000,
  0x0000,0x0000,0x0000,0x0000,0x0000,0x0000,0x0000,0x0000,0x0000,0x0000,0x0000,0x0000,
  0x0000,0x0000,0x0000,0x0000,0x0000,0x0000,0x0000,0x0000,0x0000,0x0000,0x0000,0x0000,
  0x0000,0x0000,0x0000,0x0000,0x0000,0x0000,0x0000,0x0000,0x08A8,0x1A7F,0x1A5E,0x0022,
  0x0000,0x0000,0x0000,0x08CA,0x1A7F,0x1A7F,0x1A7F,0x1A7F,0x1A7F,0x1A7F,0x1A7F,0x1A7F,
  0x1A7F,0x1A7F,0x1A7F,0x1A7F,0x1A7F,0x1A7F,0x1A7F,0x1A7F,0x1A7F,0x1A7F,0x1A7F,0x1A7F,
  0x1A7F,0x1A7F,0x1A7F,0x1A7F,0x1A7F,0x1A7F,0x1A7F,0x08EC,0x0000,0x0000,0x0000,0x0000,
  0x0000,0x0000,0x0000,0x0000,0x0000,0x1173,0x1A7F,0x1A7F,0x1A7F,0x1A7F,0x1A7F,0x1A7F,
  0x1A7F,0x11B5,0x0000,0x0000,0x0000,0x0000,0x0023,0x1A5E,0x1A7F,0x1A7F,0x1A7F,0x1A7F,
  0x1A7F,0x1A7F,0x1A7F,0x1A7F,0x1A7F,0x1A7F,0x1A7F,0x1A7F,0x1A7F,0x1A7F,0x1151,0x0000,
  0x0000,0x0000,0x0000,0x0000,0x0000,0x0000,0x0000,0x0000,0x0000,0x0000,0x0000,0x0000,
  0x0000,0x0000,0x0000,0x0000,0x0000,0x0000,0x0000,0x0000,0x0000,0x0000,0x0000,0x0000,
  0x0000,0x0000,0x0000,0x0000,0x0000,0x0000,0x0000,0x0000,0x0000,0x0000,0x0000,0x0000,
  0x0000,0x0000,0x0000,0x0000,0x1172,0x1A7F,0x1A7F,0x1172,0x0000,0x0000,0x0000,0x0000,
  0x1172,0x1A7F,0x1A7F,0x1A7F,0x1A7F,0x1A7F,0x1A7F,0x1A7F,0x1A7F,0x1A7F,0x1A7F,0x1A7F,
  0x1A7F,0x1A7F,0x1A7F,0x1A7F,0x1A7F,0x1A7F,0x1A7F,0x1A7F,0x1A7F,0x1A7F,0x1A7F,0x1A7F,
  0x1A7F,0x1A7F,0x1A7F,0x1A7F,0x1130,0x0000,0x0000,0x0000,0x0000,0x0000,0x0000,0x0000,
  0x0001,0x1A1B,0x1A7F,0x1A7F,0x1A7F,0x1A7F,0x1A7F,0x1A7F,0x1A7F,0x1130,0x0000,0x0000,
  0x0000,0x0000,0x0000,0x1A1A,0x1A7F,0x1A7F,0x1A7F,0x1A7F,0x1A7F,0x1A7F,0x1A7F,0x1A7F,
  0x1A7F,0x1A7F,0x1A7F,0x1A7F,0x1A7F,0x1A7F,0x1A1A,0x0000,0x0000,0x0000,0x0000,0x0000,
  0x0000,0x0000,0x0000,0x0000,0x0000,0x0000,0x0000,0x0000,0x0000,0x0000,0x0000,0x0000,
  0x0000,0x0000,0x0000,0x0000,0x0000,0x0000,0x0000,0x0000,0x0000,0x0000,0x0000,0x0000,
  0x0000,0x0000,0x0000,0x0000,0x0000,0x0000,0x0000,0x0000,0x0000,0x0000,0x0000,0x0000,
  0x1A1A,0x1A7F,0x1A7F,0x1A7F,0x08A8,0x0000,0x0000,0x0000,0x0001,0x19F9,0x1A7F,0x1A7F,
  0x1A7F,0x1A7F,0x1A7F,0x1A7F,0x1A7F,0x1A7F,0x1A7F,0x1A7F,0x1A7F,0x1A7F,0x1A7F,0x1A7F,
  0x1A7F,0x1A7F,0x1A7F,0x1A7F,0x1A7F,0x1A7F,0x1A7F,0x1A7F,0x1A7F,0x1A7F,0x1A7F,0x1A7F,
  0x1A7F,0x19F9,0x0066,0x0000,0x0000,0x0000,0x0000,0x0000,0x0022,0x1A7F,0x1A7F,0x1A7F,
  0x1A7F,0x1A7F,0x1A7F,0x1A7F,0x1A7F,0x08CA,0x0000,0x0000,0x0000,0x0000,0x0000,0x1130,
  0x1A7F,0x1A7F,0x1A7F,0x1A7F,0x1A7F,0x1A7F,0x1A7F,0x1A7F,0x1A7F,0x1A7F,0x1A7F,0x1A7F,
  0x1A7F,0x1A7F,0x1A7F,0x0087,0x0000,0x0000,0x0000,0x0000,0x0000,0x0000,0x0000,0x0000,
  0x0000,0x0000,0x0000,0x0000,0x0000,0x0000,0x0000,0x0000,0x0000,0x0000,0x0000,0x0000,
  0x0000,0x0000,0x0000,0x0000,0x0000,0x0000,0x0000,0x0000,0x0000,0x0000,0x0000,0x0000,
  0x0000,0x0000,0x0000,0x0000,0x0000,0x0000,0x0000,0x0066,0x1A7F,0x1A7F,0x1A7F,0x1A7F,
  0x1A1B,0x0022,0x0000,0x0000,0x0000,0x0044,0x1A3D,0x1A7F,0x1A7F,0x1A7F,0x1A7F,0x1A7F,
  0x1A7F,0x1A7F,0x1A7F,0x1A7F,0x1A7F,0x1A7F,0x1A7F,0x1A7F,0x1A7F,0x1A7F,0x1A7F,0x1A7F,
  0x1A7F,0x1A7F,0x1A7F,0x1A7F,0x1A7F,0x1A7F,0x1A7F,0x1A7F,0x1A7F,0x1A7F,0x1A7F,0x08EC,
  0x0000,0x0000,0x0000,0x0000,0x0000,0x08EC,0x1A5E,0x1A7F,0x1A7F,0x1A7F,0x1A7F,0x1A7F,
  0x1A3C,0x0001,0x0000,0x0000,0x0000,0x0000,0x0000,0x08A8,0x1A7F,0x1A7F,0x1A7F,0x1A7F,
  0x1A7F,0x1A7F,0x1A7F,0x1A7F,0x1A7F,0x1A7F,0x1A7F,0x1A7F,0x1A7F,0x1A7F,0x1A7F,0x1151,
  0x0000,0x0000,0x0000,0x0000,0x0000,0x0000,0x0000,0x0000,0x0000,0x0000,0x0000,0x0000,
  0x0000,0x0000,0x0000,0x0000,0x0000,0x0000,0x0000,0x0000,0x0000,0x0000,0x0000,0x0000,
  0x0000,0x0000,0x0000,0x0000,0x0000,0x0000,0x0000,0x0000,0x0000,0x0000,0x0000,0x0000,
  0x0000,0x0000,0x0000,0x1151,0x1A7F,0x1A7F,0x1A7F,0x1A7F,0x1A7F,0x11B5,0x0000,0x0000,
  0x0000,0x0000,0x0066,0x1A3D,0x1A7F,0x1A7F,0x1A7F,0x1A7F,0x1A7F,0x1A7F,0x1A7F,0x1A7F,
  0x1A7F,0x1A7F,0x1A7F,0x1A7F,0x1A7F,0x1A7F,0x1A7F,0x1A7F,0x1A7F,0x1A7F,0x1A7F,0x1A7F,
  0x1A7F,0x1A7F,0x1A7F,0x1A7F,0x1A7F,0x1A7F,0x1A7F,0x1A7F,0x1173,0x0000,0x0000,0x0000,
  0x0000,0x0000,0x0066,0x1A3D,0x1A7F,0x1A7F,0x1A7F,0x1A7F,0x1173,0x0000,0x0000,0x0000,
  0x0000,0x0000,0x0000,0x0001,0x1A3D,0x1A7F,0x1A7F,0x1A7F,0x1A7F,0x1A7F,0x1A7F,0x1A7F,
  0x1A7F,0x1A7F,0x1A7F,0x1A7F,0x1A7F,0x1A7F,0x1A7F,0x1A1B,0x0000,0x0000,0x0000,0x0000,
  0x0000,0x0000,0x0000,0x0000,0x0000,0x0000,0x0000,0x0000,0x0000,0x0000,0x0000,0x0000,
  0x0000,0x0000,0x0000,0x0000,0x0000,0x0000,0x0000,0x0000,0x0000,0x0000,0x0000,0x0000,
  0x0000,0x0000,0x0000,0x0000,0x0000,0x0000,0x0000,0x0000,0x0000,0x0000,0x0000,0x19F9,
  0x1A7F,0x1A7F,0x1A7F,0x1A7F,0x1A7F,0x1A7F,0x08EC,0x0000,0x0000,0x0000,0x0000,0x0066,
  0x1A3D,0x1A7F,0x1A7F,0x1A7F,0x1A7F,0x1A7F,0x1A7F,0x1A7F,0x1A7F,0x1A7F,0x1A7F,0x1A7F,
  0x1A7F,0x1A7F,0x1A7F,0x1A7F,0x1A7F,0x1A7F,0x1A7F,0x1A7F,0x1A7F,0x1A7F,0x1A7F,0x1A7F,
  0x1A7F,0x1A7F,0x1A7F,0x1A7F,0x1A7F,0x11D7,0x0022,0x0000,0x0000,0x0000,0x0000,0x0066,
  0x1A5E,0x1A7F,0x1A7F,0x1A7F,0x090D,0x0000,0x0000,0x0000,0x0000,0x0000,0x0000,0x0000,
  0x11B6,0x1A7F,0x1A7F,0x1A7F,0x1A7F,0x1A7F,0x1A7F,0x1A7F,0x1A7F,0x1A7F,0x1A7F,0x1A7F,
  0x1A7F,0x1A7F,0x1A7F,0x1A7F,0x0087,0x0000,0x0000,0x0000,0x0000,0x0000,0x0000,0x0000,
  0x0000,0x0000,0x0000,0x0000,0x0000,0x0000,0x0000,0x0000,0x0000,0x0000,0x0000,0x0000,
  0x0000,0x0000,0x0000,0x0000,0x0000,0x0000,0x0000,0x0000,0x0000,0x0000,0x0000,0x0000,
  0x0000,0x0000,0x0000,0x0000,0x0000,0x0000,0x0044,0x1A7F,0x1A7F,0x1A7F,0x1A7F,0x1A7F,
  0x1A7F,0x1A7F,0x1A5E,0x08A8,0x0000,0x0000,0x0000,0x0000,0x0066,0x1A3D,0x1A7F,0x1A7F,
  0x1A7F,0x1A7F,0x1A7F,0x1A7F,0x1A7F,0x1A7F,0x1A7F,0x1A7F,0x1A7F,0x1A7F,0x1A7F,0x1A7F,
  0x1A7F,0x1A7F,0x1A7F,0x1A7F,0x1A7F,0x1A7F,0x1A7F,0x1A7F,0x1A7F,0x1A7F,0x1A7F,0x1A7F,
  0x1A7F,0x1A7F,0x1A1B,0x08A8,0x0000,0x0000,0x0000,0x0000,0x08CA,0x1A7F,0x1A7F,0x1A7F,
  0x0065,0x0000,0x0000,0x0000,0x0000,0x0000,0x0000,0x0000,0x090D,0x1A7F,0x1A7F,0x1A7F,
  0x1A7F,0x1A7F,0x1A7F,0x1A7F,0x1A7F,0x1A7F,0x1A7F,0x1A7F,0x1A7F,0x1A7F,0x1A7F,0x1A7F,
  0x092F,0x0000,0x0000,0x0000,0x0000,0x0000,0x0000,0x0000,0x0000,0x0000,0x0000,0x0000,
  0x0000,0x0000,0x0000,0x0000,0x0000,0x0000,0x0000,0x0000,0x0000,0x0000,0x0000,0x0000,
  0x0000,0x0000,0x0000,0x0000,0x0000,0x0000,0x0000,0x0000,0x0000,0x0000,0x0000,0x0000,
  0x0000,0x0000,0x08EC,0x1A7F,0x1A7F,0x1A7F,0x1A7F,0x1A7F,0x1A7F,0x1A7F,0x1A7F,0x11B6,
  0x0000,0x0000,0x0000,0x0000,0x0000,0x0044,0x1A1A,0x1A7F,0x1A7F,0x1A7F,0x1A7F,0x1A7F,
  0x1A7F,0x1A7F,0x1A7F,0x1A7F,0x1A7F,0x1A7F,0x1A7F,0x1A7F,0x1A7F,0x1A7F,0x1A7F,0x1A7F,
  0x1A7F,0x1A7F,0x1A7F,0x1A7F,0x1A7F,0x1A7F,0x1A7F,0x1A7F,0x1A7F,0x1A7F,0x1A7F,0x1A7F,
  0x08EC,0x0000,0x0000,0x0000,0x0000,0x08EC,0x1A7F,0x19F9,0x0000,0x0000,0x0000,0x0000,
  0x0000,0x0000,0x0000,0x0000,0x0066,0x1A7F,0x1A7F,0x1A7F,0x1A7F,0x1A7F,0x1A7F,0x1A7F,
  0x1A7F,0x1A7F,0x1A7F,0x1A7F,0x1A7F,0x1A7F,0x1A7F,0x1A7F,0x1173,0x0000,0x0000,0x0000,
  0x0000,0x0000,0x0000,0x0000,0x0000,0x0000,0x0000,0x0000,0x0000,0x0000,0x0000,0x0000,
  0x0000,0x0000,0x0000,0x0000,0x0000,0x0000,0x0000,0x0000,0x0000,0x0000,0x0000,0x0000,
  0x0000,0x0000,0x0000,0x0000,0x0000,0x0000,0x0000,0x0000,0x0000,0x0000,0x1194,0x1A7F,
  0x1A7F,0x1A7F,0x1A7F,0x1A7F,0x1A7F,0x1A7F,0x1A7F,0x090E,0x0000,0x0000,0x0000,0x0000,
  0x0000,0x0000,0x0023,0x11B6,0x1A7F,0x1A7F,0x1A7F,0x1A7F,0x1A7F,0x1A7F,0x1A7F,0x1A7F,
  0x1A7F,0x1A7F,0x1A7F,0x1A7F,0x1A7F,0x1A7F,0x1A7F,0x1A7F,0x1A7F,0x1A7F,0x1A7F,0x1A7F,
  0x1A7F,0x1A7F,0x1A7F,0x1A7F,0x1A7F,0x1A7F,0x1A7F,0x1A7F,0x1A7F,0x08EC,0x0000,0x0000,
  0x0000,0x0000,0x1172,0x1130,0x0000,0x0000,0x0000,0x0000,0x0000,0x0000,0x0000,0x0000,
  0x0001,0x1A3C,0x1A7F,0x1A7F,0x1A7F,0x1A7F,0x1A7F,0x1A7F,0x1A7F,0x1A7F,0x1A7F,0x1A7F,
  0x1A7F,0x1A7F,0x1A7F,0x1A7F,0x1A3C,0x0001,0x0000,0x0000,0x0000,0x0000,0x0000,0x0000,
  0x0000,0x0000,0x0000,0x0000,0x0000,0x0000,0x0000,0x0000,0x0000,0x0000,0x0000,0x0000,
  0x0000,0x0000,0x0000,0x0000,0x0000,0x0000,0x0000,0x0000,0x0000,0x0000,0x0000,0x0000,
  0x0000,0x0000,0x0000,0x0000,0x0000,0x0001,0x1A3C,0x1A7F,0x1A7F,0x1A7F,0x1A7F,0x1A7F,
  0x1A7F,0x1A7F,0x1A7F,0x0087,0x0000,0x0000,0x0000,0x0000,0x0000,0x0000,0x0000,0x0000,
  0x090E,0x1A7F,0x1A7F,0x1A7F,0x1A7F,0x1A7F,0x1A7F,0x1A7F,0x1A7F,0x1A7F,0x1A7F,0x1A7F,
  0x1A7F,0x1A7F,0x1A7F,0x1A7F,0x1A7F,0x1A7F,0x1A7F,0x1A7F,0x1A7F,0x1A7F,0x1A7F,0x1A7F,
  0x1A7F,0x1A7F,0x1A7F,0x1A7F,0x1A7F,0x1A7F,0x08CB,0x0000,0x0000,0x0000,0x0000,0x0001,
  0x0000,0x0000,0x0000,0x0000,0x0000,0x0000,0x0000,0x0000,0x0000,0x11B6,0x1A7F,0x1A7F,
  0x1A7F,0x1A7F,0x1A7F,0x1A7F,0x1A7F,0x1A7F,0x1A7F,0x1A7F,0x1A7F,0x1A7F,0x1A7F,0x1A7F,
  0x1A7F,0x08CB,0x0000,0x0000,0x0000,0x0000,0x0000,0x0000,0x0000,0x0000,0x0000,0x0000,
  0x0000,0x0000,0x0000,0x0000,0x0000,0x0000,0x0000,0x0000,0x0000,0x0000,0x0000,0x0000,
  0x0000,0x0000,0x0000,0x0000,0x0000,0x0000,0x0000,0x0000,0x0000,0x0000,0x0000,0x0000,
  0x0000,0x0066,0x1A7F,0x1A7F,0x1A7F,0x1A7F,0x1A7F,0x1A7F,0x1A7F,0x1A7F,0x1A3C,0x0022,
  0x0000,0x0000,0x0000,0x0000,0x0000,0x0000,0x0000,0x0000,0x0000,0x08CA,0x1A1B,0x1A7F,
  0x1A7F,0x1A7F,0x1A7F,0x1A7F,0x1A7F,0x1A7F,0x1A7F,0x1A7F,0x1A7F,0x1A7F,0x1A7F,0x1A7F,
  0x1A7F,0x1A7F,0x1A7F,0x1A7F,0x1A7F,0x1A7F,0x1A7F,0x1A7F,0x1A7F,0x1A7F,0x1A7F,0x1A7F,
  0x1A7F,0x1A7F,0x1A5E,0x0066,0x0000,0x0000,0x0000,0x0000,0x0000,0x0000,0x0000,0x0000,
  0x0000,0x0000,0x0000,0x0000,0x0000,0x08CB,0x1A7F,0x1A7F,0x1A7F,0x1A7F,0x1A7F,0x1A7F,
  0x1A7F,0x1A7F,0x1A7F,0x1A7F,0x1A7F,0x1A7F,0x1A7F,0x1A7F,0x1A7F,0x11B6,0x0000,0x0000,
  0x0000,0x0000,0x0000,0x0000,0x0000,0x0000,0x0000,0x0000,0x0000,0x0000,0x0000,0x0000,
  0x0000,0x0000,0x0000,0x0000,0x0000,0x0000,0x0000,0x0000,0x0000,0x0000,0x0000,0x0000,
  0x0000,0x0000,0x0000,0x0000,0x0000,0x0000,0x0000,0x0000,0x0000,0x090D,0x1A7F,0x1A7F,
  0x1A7F,0x1A7F,0x1A7F,0x1A7F,0x1A7F,0x1A7F,0x11B6,0x0000,0x0000,0x0000,0x0000,0x0000,
  0x0000,0x0000,0x0000,0x0000,0x0000,0x0000,0x0022,0x11B5,0x1A7F,0x1A7F,0x1A7F,0x1A7F,
  0x1A7F,0x1A7F,0x1A7F,0x1A7F,0x1A7F,0x1A7F,0x1A7F,0x1A7F,0x1A7F,0x1A7F,0x1A7F,0x1A7F,
  0x1A7F,0x1A7F,0x1A7F,0x1A7F,0x1A7F,0x1A7F,0x1A7F,0x1A7F,0x1A7F,0x1A7F,0x1A7F,0x1A3D,
  0x0022,0x0000,0x0000,0x0000,0x0000,0x0000,0x0000,0x0000,0x0000,0x0000,0x0000,0x0000,
  0x0000,0x0001,0x1A3C,0x1A7F,0x1A7F,0x1A7F,0x1A7F,0x1A7F,0x1A7F,0x1A7F,0x1A7F,0x1A7F,
  0x1A7F,0x1A7F,0x1A7F,0x1A7F,0x1A7F,0x1A5E,0x0023,0x0000,0x0000,0x0000,0x0000,0x0000,
  0x0000,0x0000,0x0000,0x0000,0x0000,0x0000,0x0000,0x0000,0x0000,0x0000,0x0000,0x0000,
  0x0000,0x0000,0x0000,0x0000,0x0000,0x0000,0x0000,0x0000,0x0000,0x0000,0x0000,0x0000,
  0x0000,0x0000,0x0000,0x0000,0x0000,0x11D7,0x1A7F,0x1A7F,0x1A7F,0x1A7F,0x1A7F,0x1A7F,
  0x1A7F,0x1A7F,0x08EC,0x0000,0x0000,0x0000,0x0000,0x0000,0x0000,0x0000,0x0000,0x0000,
  0x0000,0x0000,0x0000,0x0000,0x1130,0x1A7F,0x1A7F,0x1A7F,0x1A7F,0x1A7F,0x1A7F,0x1A7F,
  0x1A7F,0x1A7F,0x1A7F,0x1A7F,0x1A7F,0x1A7F,0x1A7F,0x1A7F,0x1A7F,0x1A7F,0x1A7F,0x1A7F,
  0x1A7F,0x1A7F,0x1A7F,0x1A7F,0x1A7F,0x1A7F,0x1A7F,0x1A7F,0x11D7,0x0000,0x0000,0x0000,
  0x0000,0x0000,0x0000,0x0000,0x0000,0x0000,0x0000,0x0000,0x0000,0x0000,0x11D7,0x1A7F,
  0x1A7F,0x1A7F,0x1A7F,0x1A7F,0x1A7F,0x1A7F,0x1A7F,0x1A7F,0x1A7F,0x1A7F,0x1A7F,0x1A7F,
  0x1A7F,0x1A7F,0x08EC,0x0000,0x0000,0x0000,0x0000,0x0000,0x0000,0x0000,0x0000,0x0000,
  0x0000,0x0000,0x0000,0x0000,0x0000,0x0000,0x0000,0x0000,0x0000,0x0000,0x0000,0x0000,
  0x0000,0x0000,0x0000,0x0000,0x0000,0x0000,0x0000,0x0000,0x0000,0x0000,0x0000,0x0000,
  0x0087,0x1A7F,0x1A7F,0x1A7F,0x1A7F,0x1A7F,0x1A7F,0x1A7F,0x1A7F,0x1A7F,0x0066,0x0000,
  0x0000,0x0000,0x0000,0x0000,0x0000,0x0000,0x0000,0x0000,0x0000,0x0000,0x0000,0x0000,
  0x0000,0x08A8,0x1A3C,0x1A7F,0x1A7F,0x1A7F,0x1A7F,0x1A7F,0x1A7F,0x1A7F,0x1A7F,0x1A7F,
  0x1A7F,0x1A7F,0x1A7F,0x1A7F,0x1A7F,0x1A7F,0x1A7F,0x1A7F,0x1A7F,0x1A7F,0x1A7F,0x1A7F,
  0x1A7F,0x1A7F,0x1A7F,0x1A7F,0x1A7F,0x08CB,0x0000,0x0000,0x0000,0x0000,0x0000,0x0000,
  0x0000,0x0000,0x0000,0x0000,0x0000,0x0000,0x1130,0x1A7F,0x1A7F,0x1A7F,0x1A7F,0x1A7F,
  0x1A7F,0x1A7F,0x1A7F,0x1A7F,0x1A7F,0x1A7F,0x1A7F,0x1A7F,0x1A7F,0x1A7F,0x11B6,0x0000,
  0x0000,0x0000,0x0000,0x0000,0x0000,0x0000,0x0000,0x0000,0x0000,0x0000,0x0000,0x0000,
  0x0000,0x0000,0x0000,0x0000,0x0000,0x0000,0x0000,0x0000,0x0000,0x0000,0x0000,0x0000,
  0x0000,0x0000,0x0000,0x0000,0x0000,0x0000,0x0000,0x0000,0x1130,0x1A7F,0x1A7F,0x1A7F,
  0x1A7F,0x1A7F,0x1A7F,0x1A7F,0x1A7F,0x19F9,0x0000,0x0000,0x0000,0x0000,0x0000,0x0000,
  0x0000,0x0000,0x0000,0x0000,0x0000,0x0000,0x08CA,0x0044,0x0000,0x0000,0x0022,0x1173,
  0x1A7F,0x1A7F,0x1A7F,0x1A7F,0x1A7F,0x1A7F,0x1A7F,0x1A7F,0x1A7F,0x1A7F,0x1A7F,0x1A7F,
  0x1A7F,0x1A7F,0x1A7F,0x1A7F,0x1A7F,0x1A7F,0x1A7F,0x1A7F,0x1A7F,0x1A7F,0x1A7F,0x1A7F,
  0x1A7F,0x1A1B,0x0001,0x0000,0x0000,0x0000,0x0000,0x0000,0x0000,0x0000,0x0000,0x0000,
  0x0000,0x0000,0x08A8,0x1A7F,0x1A7F,0x1A7F,0x1A7F,0x1A7F,0x1A7F,0x1A7F,0x1A7F,0x1A7F,
  0x1A7F,0x1A7F,0x1A7F,0x1A7F,0x1A7F,0x1A7F,0x19F9,0x0000,0x0000,0x0000,0x0000,0x0000,
  0x0000,0x0000,0x0000,0x0000,0x0000,0x0000,0x0000,0x0000,0x0000,0x0000,0x0000,0x0000,
  0x0000,0x0000,0x0000,0x0000,0x0000,0x0000,0x0000,0x0000,0x0000,0x0000,0x0000,0x0000,
  0x0000,0x0000,0x0000,0x0000,0x19D8,0x1A7F,0x1A7F,0x1A7F,0x1A7F,0x1A7F,0x1A7F,0x1A7F,
  0x1A7F,0x1173,0x0000,0x0000,0x0000,0x0000,0x0000,0x0000,0x0000,0x0000,0x0000,0x0000,
  0x0000,0x0000,0x1130,0x1A5E,0x08A8,0x0000,0x0000,0x0000,0x08A9,0x1A5E,0x1A7F,0x1A7F,
  0x1A7F,0x1A7F,0x1A7F,0x1A7F,0x1A7F,0x1A7F,0x1A7F,0x1A7F,0x1A7F,0x1A7F,0x1A7F,0x1A7F,
  0x1A7F,0x1A7F,0x1A7F,0x1A7F,0x1A7F,0x1A7F,0x1A7F,0x1A7F,0x1A7F,0x1A7F,0x08A9,0x0000,
  0x0000,0x0000,0x0000,0x0000,0x0000,0x0000,0x0000,0x0000,0x0000,0x0000,0x0022,0x1A3D,
  0x1A7F,0x1A7F,0x1A7F,0x1A7F,0x1A7F,0x1A7F,0x1A7F,0x1A7F,0x1A7F,0x1A7F,0x1A7F,0x1A7F,
  0x1A7F,0x1A7F,0x1A7F,0x0065,0x0000,0x0000,0x0000,0x0000,0x0000,0x0000,0x0000,0x0000,
  0x0000,0x0000,0x0000,0x0000,0x0000,0x0000,0x0000,0x0000,0x0000,0x0000,0x0000,0x0000,
  0x0000,0x0000,0x0000,0x0000,0x0000,0x0000,0x0000,0x0000,0x0000,0x0000,0x0000,0x0023,
  0x1A5E,0x1A7F,0x1A7F,0x1A7F,0x1A7F,0x1A7F,0x1A7F,0x1A7F,0x1A7F,0x08A8,0x0000,0x0000,
  0x0000,0x0000,0x0000,0x0000,0x0000,0x0000,0x0000,0x0000,0x0000,0x0000,0x0065,0x1A7F,
  0x1A7F,0x090E,0x0000,0x0000,0x0000,0x0087,0x1A1B,0x1A7F,0x1A7F,0x1A7F,0x1A7F,0x1A7F,
  0x1A7F,0x1A7F,0x1A7F,0x1A7F,0x1A7F,0x1A7F,0x1A7F,0x1A7F,0x1A7F,0x1A7F,0x1A7F,0x1A7F,
  0x1A7F,0x1A7F,0x1A7F,0x1A7F,0x1A7F,0x1A7F,0x11B6,0x0000,0x0000,0x0000,0x0000,0x0000,
  0x0000,0x0000,0x0000,0x0000,0x0000,0x0000,0x0000,0x11B6,0x1A7F,0x1A7F,0x1A7F,0x1A7F,
  0x1A7F,0x1A7F,0x1A7F,0x1A7F,0x1A7F,0x1A7F,0x1A7F,0x1A7F,0x1A7F,0x1A7F,0x1A7F,0x1130,
  0x0000,0x0000,0x0000,0x0000,0x0000,0x0000,0x0000,0x0000,0x0000,0x0000,0x0000,0x0000,
  0x0000,0x0000,0x0000,0x0000,0x0000,0x0000,0x0000,0x0000,0x0000,0x0000,0x0000,0x0000,
  0x0000,0x0000,0x0000,0x0000,0x0000,0x0000,0x0000,0x08CA,0x1A7F,0x1A7F,0x1A7F,0x1A7F,
  0x1A7F,0x1A7F,0x1A7F,0x1A7F,0x1A5E,0x0023,0x0000,0x0000,0x0000,0x0000,0x0000,0x0000,
  0x0000,0x0000,0x0000,0x0000,0x0000,0x0000,0x0001,0x1A3C,0x1A7F,0x1A7F,0x1151,0x0000,
  0x0000,0x0000,0x0022,0x1151,0x1A7F,0x1A7F,0x1A7F,0x1A7F,0x1A7F,0x1A7F,0x1A7F,0x1A7F,
  0x1A7F,0x1A7F,0x1A7F,0x1A7F,0x1A7F,0x1A7F,0x1A7F,0x1A7F,0x1A7F,0x1A7F,0x1A7F,0x1A7F,
  0x1A7F,0x1A7F,0x1A5E,0x0044,0x0000,0x0000,0x0000,0x0000,0x0000,0x0000,0x0000,0x0000,
  0x0000,0x0000,0x0000,0x08CA,0x1A7F,0x1A7F,0x1A7F,0x1A7F,0x1A7F,0x1A7F,0x1A7F,0x1A7F,
  0x1A7F,0x1A7F,0x1A7F,0x1A7F,0x1A7F,0x1A7F,0x1A7F,0x11D7,0x0000,0x0000,0x0000,0x0000,
  0x0000,0x0000,0x0000,0x0000,0x0000,0x0000,0x0000,0x0000,0x0000,0x0000,0x0000,0x0000,
  0x0000,0x0000,0x0000,0x0000,0x0000,0x0000,0x0000,0x0000,0x0000,0x0000,0x0000,0x0000,
  0x0000,0x0000,0x0000,0x1151,0x1A7F,0x1A7F,0x1A7F,0x1A7F,0x1A7F,0x1A7F,0x1A7F,0x1A7F,
  0x11D7,0x0000,0x0000,0x0000,0x0000,0x0000,0x0000,0x0000,0x0000,0x0000,0x0000,0x0000,
  0x0000,0x0000,0x0000,0x11B5,0x1A7F,0x1A7F,0x1A7F,0x11B5,0x0022,0x0000,0x0000,0x0000,
  0x08EC,0x1A5E,0x1A7F,0x1A7F,0x1A7F,0x1A7F,0x1A7F,0x1A7F,0x1A7F,0x1A7F,0x1A7F,0x1A7F,
  0x1A7F,0x1A7F,0x1A7F,0x1A7F,0x1A7F,0x1A7F,0x1A7F,0x1A7F,0x1A7F,0x1A7F,0x1A7F,0x1130,
  0x0000,0x0000,0x0000,0x0000,0x0000,0x0000,0x0000,0x0000,0x0000,0x0000,0x0000,0x0023,
  0x1A5E,0x1A7F,0x1A7F,0x1A7F,0x1A7F,0x1A7F,0x1A7F,0x1A7F,0x1A7F,0x1A7F,0x1A7F,0x1A7F,
  0x1A7F,0x1A7F,0x1A7F,0x1A5E,0x0044,0x0000,0x0000,0x0000,0x0000,0x0000,0x0000,0x0000,
  0x0000,0x0000,0x0000,0x0000,0x0000,0x0000,0x0000,0x0000,0x0000,0x0000,0x0000,0x0000,
  0x0000,0x0000,0x0000,0x0000,0x0000,0x0000,0x0000,0x0000,0x0000,0x0000,0x0000,0x1A1A,
  0x1A7F,0x1A7F,0x1A7F,0x1A7F,0x1A7F,0x1A7F,0x1A7F,0x1A7F,0x090E,0x0000,0x0000,0x0000,
  0x0000,0x0000,0x0000,0x0000,0x0000,0x0000,0x0000,0x0000,0x0000,0x0000,0x0000,0x090E,
  0x1A7F,0x1A7F,0x1A7F,0x1A7F,0x19F9,0x0044,0x0000,0x0001,0x0000,0x0066,0x1A3D,0x1A7F,
  0x1A7F,0x1A7F,0x1A7F,0x1A7F,0x1A7F,0x1A7F,0x1A7F,0x1A7F,0x1A7F,0x1A7F,0x1A7F,0x1A7F,
  0x1A7F,0x1A7F,0x1A7F,0x1A7F,0x1A7F,0x1A7F,0x1A7F,0x1A1B,0x0001,0x0000,0x0000,0x0000,
  0x0000,0x0000,0x0000,0x0000,0x0000,0x0000,0x0000,0x0000,0x19F9,0x1A7F,0x1A7F,0x1A7F,
  0x1A7F,0x1A7F,0x1A7F,0x1A7F,0x1A7F,0x1A7F,0x1A7F,0x1A7F,0x1A7F,0x1A7F,0x1A7F,0x1A7F,
  0x08CA,0x0000,0x0000,0x0000,0x0000,0x0000,0x0000,0x0000,0x0000,0x0000,0x0000,0x0000,
  0x0000,0x0000,0x0000,0x0000,0x0000,0x0000,0x0000,0x0000,0x0000,0x0000,0x0000,0x0000,
  0x0000,0x0000,0x0000,0x0000,0x0000,0x0000,0x0044,0x1A7F,0x1A7F,0x1A7F,0x1A7F,0x1A7F,
  0x1A7F,0x1A7F,0x1A7F,0x1A7F,0x0087,0x0000,0x0000,0x0000,0x0000,0x0000,0x0000,0x0000,
  0x0000,0x0000,0x0000,0x0000,0x0000,0x0000,0x0000,0x0066,0x1A7F,0x1A7F,0x1A7F,0x1A7F,
  0x1A7F,0x1A3D,0x0087,0x0000,0x0001,0x0000,0x0066,0x1A3D,0x1A7F,0x1A7F,0x1A7F,0x1A7F,
  0x1A7F,0x1A7F,0x1A7F,0x1A7F,0x1A7F,0x1A7F,0x1A7F,0x1A7F,0x1A7F,0x1A7F,0x1A7F,0x1A7F,
  0x1A7F,0x1A7F,0x1A7F,0x1A5E,0x0022,0x0000,0x0000,0x0000,0x0000,0x0000,0x0000,0x0000,
  0x0000,0x0000,0x0000,0x0000,0x1172,0x1A7F,0x1A7F,0x1A7F,0x1A7F,0x1A7F,0x1A7F,0x1A7F,
  0x1A7F,0x1A7F,0x1A7F,0x1A7F,0x1A7F,0x1A7F,0x1A7F,0x1A7F,0x11B5,0x0000,0x0000,0x0000,
  0x0000,0x0000,0x0000,0x0000,0x0000,0x0000,0x0000,0x0000,0x0000,0x0000,0x0000,0x0000,
  0x0000,0x0000,0x0000,0x0000,0x0000,0x0000,0x0000,0x0000,0x0000,0x0000,0x0000,0x0000,
  0x0000,0x0000,0x08EC,0x1A7F,0x1A7F,0x1A7F,0x1A7F,0x1A7F,0x1A7F,0x1A7F,0x1A7F,0x1A1B,
  0x0001,0x0000,0x0000,0x0000,0x0000,0x0000,0x0000,0x0000,0x0000,0x0000,0x0000,0x0000,
  0x0000,0x0000,0x0000,0x0001,0x1A3C,0x1A7F,0x1A7F,0x1A7F,0x1A7F,0x1A7F,0x1A7F,0x08EC,
  0x0000,0x0000,0x0000,0x0066,0x19F9,0x1A7F,0x1A7F,0x1A7F,0x1A7F,0x1A7F,0x1A7F,0x1A7F,
  0x1A7F,0x1A7F,0x1A7F,0x1A7F,0x1A7F,0x1A7F,0x1A7F,0x1A7F,0x1A7F,0x1A7F,0x1A7F,0x1A7F,
  0x0087,0x0000,0x0000,0x0000,0x0000,0x0000,0x0000,0x0000,0x0000,0x0000,0x0000,0x0000,
  0x08CA,0x1A7F,0x1A7F,0x1A7F,0x1A7F,0x1A7F,0x1A7F,0x1A7F,0x1A7F,0x1A7F,0x1A7F,0x1A7F,
  0x1A7F,0x1A7F,0x1A7F,0x1A7F,0x1A3C,0x0001,0x0000,0x0000,0x0000,0x0000,0x0000,0x0000,
  0x0000,0x0000,0x0000,0x0000,0x0000,0x0000,0x0000,0x0000,0x0000,0x0000,0x0000,0x0000,
  0x0000,0x0000,0x0000,0x0000,0x0000,0x0000,0x0000,0x0000,0x0000,0x0000,0x1A1A,0x1A7F,
  0x1A7F,0x1A7F,0x1A7F,0x1A7F,0x1A7F,0x1A7F,0x1A7F,0x11B5,0x0000,0x0000,0x0000,0x0000,
  0x0000,0x0000,0x0000,0x0000,0x0000,0x0000,0x0000,0x0000,0x0000,0x0000,0x0000,0x0000,
  0x1151,0x1A7F,0x1A7F,0x1A7F,0x1A7F,0x1A7F,0x1A7F,0x1A7F,0x090E,0x0000,0x0000,0x0000,
  0x0022,0x1A1A,0x1A7F,0x1A7F,0x1A7F,0x1A7F,0x1A7F,0x1A7F,0x1A7F,0x1A7F,0x1A7F,0x1A7F,
  0x1A7F,0x1A7F,0x1A7F,0x1A7F,0x1A7F,0x1A7F,0x1A7F,0x1A7F,0x08A8,0x0000,0x0000,0x0000,
  0x0000,0x0000,0x0000,0x0000,0x0000,0x0000,0x0000,0x0000,0x0023,0x1A5E,0x1A7F,0x1A7F,
  0x1A7F,0x1A7F,0x1A7F,0x1A7F,0x1A7F,0x1A7F,0x1A7F,0x1A7F,0x1A7F,0x1A7F,0x1A7F,0x1A7F,
  0x1A7F,0x08A8,0x0000,0x0000,0x0000,0x0000,0x0000,0x0000,0x0000,0x0000,0x0000,0x0000,
  0x0000,0x0000,0x0000,0x0000,0x0000,0x0000,0x0000,0x0000,0x0000,0x0000,0x0000,0x0000,
  0x0000,0x0000,0x0000,0x0000,0x0000,0x0066,0x1A7F,0x1A7F,0x1A7F,0x1A7F,0x1A7F,0x1A7F,
  0x1A7F,0x1A7F,0x1A7F,0x08EC,0x0000,0x0000,0x0000,0x0000,0x0000,0x0000,0x0000,0x0000,
  0x0000,0x0000,0x0000,0x0000,0x0000,0x0000,0x0000,0x0000,0x0087,0x1A7F,0x1A7F,0x1A7F,
  0x1A7F,0x1A7F,0x1A7F,0x1A7F,0x1A7F,0x1173,0x0001,0x0000,0x0000,0x0065,0x1A3D,0x1A7F,
  0x1A7F,0x1A7F,0x1A7F,0x1A7F,0x1A7F,0x1A7F,0x1A7F,0x1A7F,0x1A7F,0x1A7F,0x1A7F,0x1A7F,
  0x1A7F,0x1A7F,0x1A7F,0x1A7F,0x092F,0x0000,0x0000,0x0000,0x0000,0x0000,0x0000,0x0000,
  0x0000,0x0000,0x0000,0x0000,0x0000,0x1A1B,0x1A7F,0x1A7F,0x1A7F,0x1A7F,0x1A7F,0x1A7F,
  0x1A7F,0x1A7F,0x1A7F,0x1A7F,0x1A7F,0x1A7F,0x1A7F,0x1A7F,0x1A7F,0x1172,0x0000,0x0000,
  0x0000,0x0000,0x0000,0x0000,0x0000,0x0000,0x0000,0x0000,0x0000,0x0000,0x0000,0x0000,
  0x0000,0x0000,0x0000,0x0000,0x0000,0x0000,0x0000,0x0000,0x0000,0x0000,0x0000,0x0000,
  0x0000,0x090D,0x1A7F,0x1A7F,0x1A7F,0x1A7F,0x1A7F,0x1A7F,0x1A7F,0x1A7F,0x1A7F,0x0066,
  0x0000,0x0000,0x0000,0x0000,0x0000,0x0000,0x0000,0x0000,0x0000,0x0000,0x0000,0x0000,
  0x0000,0x0000,0x0000,0x0000,0x0022,0x1A3D,0x1A7F,0x1A7F,0x1A7F,0x1A7F,0x1A7F,0x1A7F,
  0x1A7F,0x1A7F,0x19F9,0x0001,0x0000,0x0000,0x08A8,0x1A7F,0x1A7F,0x1A7F,0x1A7F,0x1A7F,
  0x1A7F,0x1A7F,0x1A7F,0x1A7F,0x1A7F,0x1A7F,0x1A7F,0x1A7F,0x1A7F,0x1A7F,0x1A7F,0x1A7F,
  0x1130,0x0000,0x0000,0x0000,0x0000,0x0000,0x0000,0x0000,0x0000,0x0000,0x0000,0x0000,
  0x0000,0x1130,0x1A7F,0x1A7F,0x1A7F,0x1A7F,0x1A7F,0x1A7F,0x1A7F,0x1A7F,0x1A7F,0x1A7F,
  0x1A7F,0x1A7F,0x1A7F,0x1A7F,0x1A7F,0x1A3C,0x0001,0x0000,0x0000,0x0000,0x0000,0x0000,
  0x0000,0x0000,0x0000,0x0000,0x0000,0x0000,0x0000,0x0000,0x0000,0x0000,0x0000,0x0000,
  0x0000,0x0000,0x0000,0x0000,0x0000,0x0000,0x0000,0x0000,0x0000,0x11B6,0x1A7F,0x1A7F,
  0x1A7F,0x1A7F,0x1A7F,0x1A7F,0x1A7F,0x1A7F,0x19D8,0x0000,0x0000,0x0000,0x0000,0x0000,
  0x0000,0x0000,0x0000,0x0000,0x0000,0x0000,0x0000,0x0000,0x0000,0x0000,0x0000,0x0000,
  0x0000,0x11D7,0x1A7F,0x1A7F,0x1A7F,0x1A7F,0x1A7F,0x1A7F,0x1A7F,0x1A7F,0x1A7F,0x1130,
  0x0000,0x0001,0x0000,0x1151,0x1A7F,0x1A7F,0x1A7F,0x1A7F,0x1A7F,0x1A7F,0x1A7F,0x1A7F,
  0x1A7F,0x1A7F,0x1A7F,0x1A7F,0x1A7F,0x1A7F,0x1A7F,0x1A7F,0x092F,0x0000,0x0000,0x0000,
  0x0000,0x0000,0x0000,0x0000,0x0000,0x0000,0x0000,0x0000,0x0000,0x0044,0x1A7F,0x1A7F,
  0x1A7F,0x1A7F,0x1A7F,0x1A7F,0x1A7F,0x1A7F,0x1A7F,0x1A7F,0x1A7F,0x1A7F,0x1A7F,0x1A7F,
  0x1A7F,0x1A7F,0x08A8,0x0000,0x0000,0x0000,0x0000,0x0000,0x0000,0x0000,0x0000,0x0000,
  0x0000,0x0000,0x0000,0x0000,0x0000,0x0000,0x0000,0x0000,0x0000,0x0000,0x0000,0x0000,
  0x0000,0x0000,0x0000,0x0000,0x0023,0x1A5E,0x1A7F,0x1A7F,0x1A7F,0x1A7F,0x1A7F,0x1A7F,
  0x1A7F,0x1A7F,0x1130,0x0000,0x0000,0x0000,0x0000,0x0000,0x0000,0x0000,0x0000,0x0000,
  0x0000,0x0000,0x0000,0x0000,0x0000,0x0000,0x0000,0x0000,0x0000,0x1130,0x1A7F,0x1A7F,
  0x1A7F,0x1A7F,0x1A7F,0x1A7F,0x1A7F,0x1A7F,0x1A7F,0x1A7F,0x08CA,0x0000,0x0000,0x0000,
  0x19D8,0x1A7F,0x1A7F,0x1A7F,0x1A7F,0x1A7F,0x1A7F,0x1A7F,0x1A7F,0x1A7F,0x1A7F,0x1A7F,
  0x1A7F,0x1A7F,0x1A7F,0x1A7F,0x08A8,0x0000,0x0000,0x0000,0x0000,0x0000,0x0000,0x0000,
  0x0000,0x0000,0x0000,0x0000,0x0000,0x0000,0x1A1B,0x1A7F,0x1A7F,0x1A7F,0x1A7F,0x1A7F,
  0x1A7F,0x1A7F,0x1A7F,0x1A7F,0x1A7F,0x1A7F,0x1A7F,0x1A7F,0x1A7F,0x1A7F,0x1172,0x0000,
  0x0000,0x0000,0x0000,0x0000,0x0000,0x0000,0x0000,0x0000,0x0000,0x0000,0x0000,0x0000,
  0x0000,0x0000,0x0000,0x0000,0x0000,0x0000,0x0000,0x0000,0x0000,0x0000,0x0000,0x0000,
  0x08EC,0x1A7F,0x1A7F,0x1A7F,0x1A7F,0x1A7F,0x1A7F,0x1A7F,0x1A7F,0x1A7F,0x08A9,0x0000,
  0x0000,0x0000,0x0000,0x0000,0x0000,0x0000,0x0000,0x0000,0x0000,0x0000,0x0000,0x0000,
  0x0000,0x0000,0x0000,0x0000,0x0000,0x08A8,0x1A7F,0x1A7F,0x1A7F,0x1A7F,0x1A7F,0x1A7F,
  0x1A7F,0x1A7F,0x1A7F,0x1A7F,0x1A3D,0x0022,0x0000,0x0000,0x0022,0x1A3D,0x1A7F,0x1A7F,
  0x1A7F,0x1A7F,0x1A7F,0x1A7F,0x1A7F,0x1A7F,0x1A7F,0x1A7F,0x1A7F,0x1A7F,0x1A7F,0x1A7F,
  0x08A8,0x0000,0x0000,0x0000,0x0000,0x0000,0x0000,0x0000,0x0000,0x0000,0x0000,0x0000,
  0x0000,0x0000,0x1173,0x1A7F,0x1A7F,0x1A7F,0x1A7F,0x1A7F,0x1A7F,0x1A7F,0x1A7F,0x1A7F,
  0x1A7F,0x1A7F,0x1A7F,0x1A7F,0x1A7F,0x1A7F,0x19D8,0x0000,0x0000,0x0000,0x0000,0x0000,
  0x0000,0x0000,0x0000,0x0000,0x0000,0x0000,0x0000,0x0000,0x0000,0x0000,0x0000,0x0000,
  0x0000,0x0000,0x0000,0x0000,0x0000,0x0000,0x0000,0x0000,0x1130,0x1A7F,0x1A7F,0x1A7F,
  0x1A7F,0x1A7F,0x1A7F,0x1A7F,0x1A7F,0x1A5E,0x0022,0x0000,0x0000,0x0000,0x0000,0x0000,
  0x0000,0x0000,0x0000,0x0000,0x0000,0x0000,0x0000,0x0000,0x0000,0x0000,0x0000,0x0000,
  0x0000,0x0022,0x1A3D,0x1A7F,0x1A7F,0x1A7F,0x1A7F,0x1A7F,0x1A7F,0x1A7F,0x1A7F,0x1A7F,
  0x1A7F,0x1151,0x0000,0x0000,0x0000,0x1130,0x1A7F,0x1A7F,0x1A7F,0x1A7F,0x1A7F,0x1A7F,
  0x1A7F,0x1A7F,0x1A7F,0x1A7F,0x1A7F,0x1A7F,0x1A7F,0x1A5E,0x0023,0x0000,0x0000,0x0000,
  0x0000,0x0000,0x0000,0x0000,0x0000,0x0000,0x0000,0x0000,0x0000,0x0000,0x090D,0x1A7F,
  0x1A7F,0x1A7F,0x1A7F,0x1A7F,0x1A7F,0x1A7F,0x1A7F,0x1A7F,0x1A7F,0x1A7F,0x1A7F,0x1A7F,
  0x1A7F,0x1A7F,0x1A5E,0x0044,0x0000,0x0000,0x0000,0x0000,0x0000,0x0000,0x0000,0x0000,
  0x0000,0x0000,0x0000,0x0000,0x0000,0x0000,0x0000,0x0000,0x0000,0x0000,0x0000,0x0000,
  0x0000,0x0000,0x0000,0x0000,0x1A1A,0x1A7F,0x1A7F,0x1A7F,0x1A7F,0x1A7F,0x1A7F,0x1A7F,
  0x1A7F,0x11D7,0x0000,0x0000,0x0000,0x0000,0x0000,0x0000,0x0000,0x0000,0x0000,0x0000,
  0x0000,0x0000,0x0000,0x0000,0x0000,0x0000,0x0000,0x0000,0x0000,0x0000,0x11D7,0x1A7F,
  0x1A7F,0x1A7F,0x1A7F,0x1A7F,0x1A7F,0x1A7F,0x1A7F,0x1A7F,0x1A7F,0x1A5E,0x0023,0x0000,
  0x0000,0x0001,0x1A1B,0x1A7F,0x1A7F,0x1A7F,0x1A7F,0x1A7F,0x1A7F,0x1A7F,0x1A7F,0x1A7F,
  0x1A7F,0x1A7F,0x1A7F,0x1A3D,0x0001,0x0000,0x0000,0x0000,0x0000,0x0000,0x0000,0x0000,
  0x0000,0x0000,0x0000,0x0000,0x0000,0x0000,0x0066,0x1A7F,0x1A7F,0x1A7F,0x1A7F,0x1A7F,
  0x1A7F,0x1A7F,0x1A7F,0x1A7F,0x1A7F,0x1A7F,0x1A7F,0x1A7F,0x1A7F,0x1A7F,0x1A7F,0x090E,
  0x0000,0x0000,0x0000,0x0000,0x0000,0x0000,0x0000,0x0000,0x0000,0x0000,0x0000,0x0000,
  0x0000,0x0000,0x0000,0x0000,0x0000,0x0000,0x0000,0x0000,0x0000,0x0000,0x0000,0x0066,
  0x1A7F,0x1A7F,0x1A7F,0x1A7F,0x1A7F,0x1A7F,0x1A7F,0x1A7F,0x1A7F,0x092F,0x0000,0x0000,
  0x0000,0x0000,0x0000,0x0000,0x0000,0x0000,0x0000,0x0000,0x0000,0x0000,0x0000,0x0000,
  0x0000,0x0000,0x0000,0x0000,0x0000,0x0000,0x1130,0x1A7F,0x1A7F,0x1A7F,0x1A7F,0x1A7F,
  0x1A7F,0x1A7F,0x1A7F,0x1A7F,0x1A7F,0x1A7F,0x1172,0x0000,0x0000,0x0000,0x08CB,0x1A7F,
  0x1A7F,0x1A7F,0x1A7F,0x1A7F,0x1A7F,0x1A7F,0x1A7F,0x1A7F,0x1A7F,0x1A7F,0x1A7F,0x1A3C,
  0x0001,0x0000,0x0000,0x0000,0x0000,0x0000,0x0000,0x0000,0x0000,0x0000,0x0000,0x0000,
  0x0000,0x0000,0x0000,0x1A1A,0x1A7F,0x1A7F,0x1A7F,0x1A7F,0x1A7F,0x1A7F,0x1A7F,0x1A7F,
  0x1A7F,0x1A7F,0x1A7F,0x1A7F,0x1A7F,0x1A7F,0x1A7F,0x1A1A,0x0000,0x0000,0x0000,0x0000,
  0x0000,0x0000,0x0000,0x0000,0x0000,0x0000,0x0000,0x0000,0x0000,0x0000,0x0000,0x0000,
  0x0000,0x0000,0x0000,0x0000,0x0000,0x0000,0x0000,0x1151,0x1A7F,0x1A7F,0x1A7F,0x1A7F,
  0x1A7F,0x1A7F,0x1A7F,0x1A7F,0x1A7F,0x0087,0x0000,0x0000,0x0000,0x0000,0x0000,0x0000,
  0x0000,0x0000,0x0000,0x0000,0x0000,0x0000,0x0000,0x0000,0x0000,0x0000,0x0000,0x0000,
  0x0000,0x0000,0x08CA,0x1A7F,0x1A7F,0x1A7F,0x1A7F,0x1A7F,0x1A7F,0x1A7F,0x1A7F,0x1A7F,
  0x1A7F,0x1A7F,0x1A1B,0x0000,0x0000,0x0000,0x0001,0x1A3C,0x1A7F,0x1A7F,0x1A7F,0x1A7F,
  0x1A7F,0x1A7F,0x1A7F,0x1A7F,0x1A7F,0x1A7F,0x1A7F,0x1173,0x0000,0x0000,0x0000,0x0000,
  0x0000,0x0000,0x0000,0x0000,0x0000,0x0000,0x0000,0x0000,0x0000,0x0000,0x0000,0x090E,
  0x1A7F,0x1A7F,0x1A7F,0x1A7F,0x1A7F,0x1A7F,0x1A7F,0x1A7F,0x1A7F,0x1A7F,0x1A7F,0x1A7F,
  0x1A7F,0x1A7F,0x1A7F,0x1A5E,0x0023,0x0000,0x0000,0x0000,0x0000,0x0000,0x0000,0x0000,
  0x0000,0x0000,0x0000,0x0000,0x0000,0x0000,0x0000,0x0000,0x0000,0x0000,0x0000,0x0000,
  0x0000,0x0000,0x0000,0x19D8,0x1A7F,0x1A7F,0x1A7F,0x1A7F,0x1A7F,0x1A7F,0x1A7F,0x1A7F,
  0x1A3D,0x0001,0x0000,0x0000,0x0000,0x0000,0x0000,0x0000,0x0000,0x0000,0x0000,0x0000,
  0x0000,0x0000,0x0000,0x0000,0x0000,0x0000,0x0000,0x0000,0x0000,0x0000,0x0023,0x1A5E,
  0x1A7F,0x1A7F,0x1A7F,0x1A7F,0x1A7F,0x1A7F,0x1A7F,0x1A7F,0x1A7F,0x1A7F,0x1A7F,0x0066,
  0x0000,0x0000,0x0000,0x11D7,0x1A7F,0x1A7F,0x1A7F,0x1A7F,0x1A7F,0x1A7F,0x1A7F,0x1A7F,
  0x1A7F,0x1A7F,0x1A7F,0x0087,0x0000,0x0000,0x0000,0x0000,0x0000,0x0000,0x0000,0x0000,
  0x0000,0x0000,0x0000,0x0000,0x0000,0x0000,0x0000,0x0087,0x1A7F,0x1A7F,0x1A7F,0x1A7F,
  0x1A7F,0x1A7F,0x1A7F,0x1A7F,0x1A7F,0x1A7F,0x1A7F,0x1A7F,0x1A7F,0x1A7F,0x1A7F,0x1A7F,
  0x08CB,0x0000,0x0000,0x0000,0x0000,0x0000,0x0000,0x0000,0x0000,0x0000,0x0000,0x0000,
  0x0000,0x0000,0x0000,0x0000,0x0000,0x0000,0x0000,0x0000,0x0000,0x0000,0x0023,0x1A3D,
  0x1A7F,0x1A7F,0x1A7F,0x1A7F,0x1A7F,0x1A7F,0x1A7F,0x1A7F,0x11B6,0x0000,0x0000,0x0000,
  0x0000,0x0000,0x0000,0x0000,0x0000,0x0000,0x0000,0x0000,0x0000,0x0000,0x0000,0x0000,
  0x0000,0x0000,0x0000,0x0000,0x0000,0x0000,0x0000,0x1194,0x1A7F,0x1A7F,0x1A7F,0x1A7F,
  0x1A7F,0x1A7F,0x1A7F,0x1A7F,0x1A7F,0x1A7F,0x1A7F,0x090E,0x0000,0x0001,0x0000,0x1172,
  0x1A7F,0x1A7F,0x1A7F,0x1A7F,0x1A7F,0x1A7F,0x1A7F,0x1A7F,0x1A7F,0x1A7F,0x1A3C,0x0022,
  0x0000,0x0000,0x0000,0x0000,0x0000,0x0000,0x0000,0x0000,0x0000,0x0000,0x0000,0x0000,
  0x0000,0x0000,0x0000,0x0022,0x1A3D,0x1A7F,0x1A7F,0x1A7F,0x1A7F,0x1A7F,0x1A7F,0x1A7F,
  0x1A7F,0x1A7F,0x1A7F,0x1A7F,0x1A7F,0x1A7F,0x1A7F,0x1A7F,0x11D7,0x0000,0x0000,0x0000,
  0x0000,0x0000,0x0000,0x0000,0x0000,0x0000,0x0000,0x0000,0x0000,0x0000,0x0000,0x0000,
  0x0000,0x0000,0x0000,0x0000,0x0000,0x0000,0x08CB,0x1A7F,0x1A7F,0x1A7F,0x1A7F,0x1A7F,
  0x1A7F,0x1A7F,0x1A7F,0x1A7F,0x08CA,0x0000,0x0000,0x0000,0x0000,0x0000,0x0000,0x0000,
  0x0000,0x0000,0x0000,0x0000,0x0000,0x0000,0x0000,0x0000,0x0000,0x0000,0x0000,0x0000,
  0x0000,0x0000,0x0000,0x08A9,0x1A7F,0x1A7F,0x1A7F,0x1A7F,0x1A7F,0x1A7F,0x1A7F,0x1A7F,
  0x1A7F,0x1A7F,0x1A7F,0x1130,0x0000,0x0001,0x0000,0x092F,0x1A7F,0x1A7F,0x1A7F,0x1A7F,
  0x1A7F,0x1A7F,0x1A7F,0x1A7F,0x1A7F,0x1A7F,0x1151,0x0000,0x0000,0x0000,0x0000,0x0000,
  0x0000,0x0000,0x0000,0x0000,0x0000,0x0000,0x0000,0x0000,0x0000,0x0000,0x0000,0x0000,
  0x19D8,0x1A7F,0x1A7F,0x1A7F,0x1A7F,0x1A7F,0x1A7F,0x1A7F,0x1A7F,0x1A7F,0x1A7F,0x1A7F,
  0x1A7F,0x1A7F,0x1A7F,0x1A7F,0x1A7F,0x0044,0x0000,0x0000,0x0000,0x0000,0x0000,0x0000,
  0x0000,0x0000,0x0000,0x0000,0x0000,0x0000,0x0000,0x0000,0x0000,0x0000,0x0000,0x0000,
  0x0000,0x0000,0x11D7,0x1A7F,0x1A7F,0x1A7F,0x1A7F,0x1A7F,0x1A7F,0x1A7F,0x1A7F,0x1A7F,
  0x0066,0x0000,0x0000,0x0000,0x0000,0x0000,0x0000,0x0000,0x0000,0x0000,0x0000,0x0000,
  0x0000,0x0000,0x0000,0x0000,0x0000,0x0000,0x0000,0x0000,0x0000,0x0000,0x0000,0x0023,
  0x1A5E,0x1A7F,0x1A7F,0x1A7F,0x1A7F,0x1A7F,0x1A7F,0x1A7F,0x1A7F,0x1A7F,0x1A7F,0x08CA,
  0x0000,0x0001,0x0000,0x1130,0x1A7F,0x1A7F,0x1A7F,0x1A7F,0x1A7F,0x1A7F,0x1A7F,0x1A7F,
  0x1A7F,0x1A5E,0x0065,0x0000,0x0000,0x0000,0x0000,0x0000,0x0000,0x0000,0x0000,0x0000,
  0x0000,0x0000,0x0000,0x0000,0x0000,0x0000,0x0000,0x0000,0x090E,0x1A7F,0x1A7F,0x1A7F,
  0x1A7F,0x1A7F,0x1A7F,0x1A7F,0x1A7F,0x1A7F,0x1A7F,0x1A7F,0x1A7F,0x1A7F,0x1A7F,0x1A7F,
  0x1A7F,0x08CA,0x0000,0x0000,0x0000,0x0000,0x0000,0x0000,0x0000,0x0000,0x0000,0x0000,
  0x0000,0x0000,0x0000,0x0000,0x0000,0x0000,0x0000,0x0000,0x0000,0x0001,0x1A5E,0x1A7F,
  0x1A7F,0x1A7F,0x1A7F,0x1A7F,0x1A7F,0x1A7F,0x1A7F,0x19F9,0x0000,0x0000,0x0000,0x0000,
  0x0000,0x0000,0x0000,0x0000,0x0000,0x0000,0x0000,0x0000,0x0000,0x0000,0x0000,0x0000,
  0x0000,0x0000,0x0000,0x0000,0x0000,0x0000,0x0000,0x0000,0x19F9,0x1A7F,0x1A7F,0x1A7F,
  0x1A7F,0x1A7F,0x1A7F,0x1A7F,0x1A7F,0x1A7F,0x1A7F,0x0066,0x0000,0x0000,0x0000,0x092F,
  0x1A7F,0x1A7F,0x1A7F,0x1A7F,0x1A7F,0x1A7F,0x1A7F,0x1A7F,0x1A7F,0x1194,0x0000,0x0000,
  0x0000,0x0000,0x0000,0x0000,0x0000,0x0000,0x0000,0x0000,0x0000,0x0000,0x0000,0x0000,
  0x0000,0x0000,0x0000,0x0000,0x0066,0x1A7F,0x1A7F,0x1A7F,0x1A7F,0x1A7F,0x1A7F,0x1A7F,
  0x1A7F,0x1A7F,0x1A7F,0x1A7F,0x1A7F,0x1A7F,0x1A7F,0x1A7F,0x1A7F,0x1173,0x0000,0x0000,
  0x0000,0x0000,0x0000,0x0000,0x0000,0x0000,0x0000,0x0000,0x0000,0x0000,0x0000,0x0000,
  0x0000,0x0000,0x0000,0x0000,0x0000,0x0066,0x1A7F,0x1A7F,0x1A7F,0x1A7F,0x1A7F,0x1A7F,
  0x1A7F,0x1A7F,0x1A7F,0x1173,0x0000,0x0000,0x0000,0x0000,0x0000,0x0000,0x0000,0x0000,
  0x0000,0x0000,0x0000,0x0000,0x0000,0x0000,0x0000,0x0000,0x0000,0x0000,0x0000,0x0000,
  0x0000,0x0000,0x0000,0x0000,0x1172,0x1A7F,0x1A7F,0x1A7F,0x1A7F,0x1A7F,0x1A7F,0x1A7F,
  0x1A7F,0x1A7F,0x1A1A,0x0000,0x0000,0x0000,0x0000,0x1194,0x1A7F,0x1A7F,0x1A7F,0x1A7F,
  0x1A7F,0x1A7F,0x1A7F,0x1A7F,0x1A7F,0x08A8,0x0000,0x0000,0x0000,0x0000,0x0000,0x0000,
  0x0000,0x0000,0x0000,0x0000,0x0000,0x0000,0x0000,0x0000,0x0000,0x0000,0x0000,0x0000,
  0x0001,0x1A3C,0x1A7F,0x1A7F,0x1A7F,0x1A7F,0x1A7F,0x1A7F,0x1A7F,0x1A7F,0x1A7F,0x1A7F,
  0x1A7F,0x1A7F,0x1A7F,0x1A7F,0x1A7F,0x1A3D,0x0023,0x0000,0x0000,0x0000,0x0000,0x0000,
  0x0000,0x0000,0x0000,0x0000,0x0000,0x0000,0x0000,0x0000,0x0000,0x0000,0x0000,0x0000,
  0x0000,0x1151,0x1A7F,0x1A7F,0x1A7F,0x1A7F,0x1A7F,0x1A7F,0x1A7F,0x1A7F,0x1A7F,0x08CA,
  0x0000,0x0000,0x0000,0x0000,0x0000,0x0000,0x0000,0x0000,0x0000,0x0000,0x0000,0x0000,
  0x0000,0x0000,0x0000,0x0000,0x0000,0x0000,0x0000,0x0000,0x0000,0x0000,0x0000,0x0000,
  0x08CA,0x1A7F,0x1A7F,0x1A7F,0x1A7F,0x1A7F,0x1A7F,0x1A7F,0x1A7F,0x1A7F,0x090E,0x0000,
  0x0000,0x0000,0x0022,0x1A5E,0x1A7F,0x1A7F,0x1A7F,0x1A7F,0x1A7F,0x1A7F,0x1A7F,0x1A7F,
  0x11B5,0x0000,0x0000,0x0000,0x0000,0x0000,0x0000,0x0000,0x0000,0x0000,0x0000,0x0000,
  0x0000,0x0000,0x0000,0x0000,0x0000,0x0000,0x0000,0x0000,0x0000,0x11B5,0x1A7F,0x1A7F,
  0x1A7F,0x1A7F,0x1A7F,0x1A7F,0x1A7F,0x1A7F,0x1A7F,0x1A7F,0x1A7F,0x1A7F,0x1A7F,0x1A7F,
  0x1A7F,0x1A7F,0x0087,0x0000,0x0000,0x0000,0x0000,0x0000,0x0000,0x0000,0x0000,0x0000,
  0x0000,0x0000,0x0000,0x0000,0x0000,0x0000,0x0000,0x0000,0x0022,0x1A3C,0x1A7F,0x1A7F,
  0x1A7F,0x1A7F,0x1A7F,0x1A7F,0x1A7F,0x1A7F,0x1A5E,0x0023,0x0000,0x0000,0x0000,0x0000,
  0x0000,0x0000,0x0000,0x0000,0x0000,0x0000,0x0000,0x0000,0x0000,0x0000,0x0000,0x0000,
  0x0000,0x0000,0x0000,0x0000,0x0000,0x0000,0x0000,0x0000,0x0023,0x1A5E,0x1A7F,0x1A7F,
  0x1A7F,0x1A7F,0x1A7F,0x1A7F,0x1A7F,0x1A1B,0x0022,0x0000,0x0000,0x0000,0x08EC,0x1A7F,
  0x1A7F,0x1A7F,0x1A7F,0x1A7F,0x1A7F,0x1A7F,0x1A7F,0x1A1B,0x0022,0x0000,0x0000,0x0000,
  0x0000,0x0000,0x0000,0x0000,0x0000,0x0000,0x0000,0x0000,0x0000,0x0000,0x0000,0x0000,
  0x0000,0x0000,0x0000,0x0000,0x0000,0x090E,0x1A7F,0x1A7F,0x1A7F,0x1A7F,0x1A7F,0x1A7F,
  0x1A7F,0x1A7F,0x1A7F,0x1A7F,0x1A7F,0x1A7F,0x1A7F,0x1A7F,0x1A7F,0x1A7F,0x092F,0x0000,
  0x0000,0x0000,0x0000,0x0000,0x0000,0x0000,0x0000,0x0000,0x0000,0x0000,0x0000,0x0000,
  0x0000,0x0000,0x0000,0x0000,0x0087,0x1A7F,0x1A7F,0x1A7F,0x1A7F,0x1A7F,0x1A7F,0x1A7F,
  0x1A7F,0x1A7F,0x11B6,0x0000,0x0000,0x0000,0x0000,0x0000,0x0000,0x0000,0x0000,0x0000,
  0x0000,0x0000,0x0000,0x0000,0x0000,0x0000,0x0000,0x0000,0x0000,0x0000,0x0000,0x0000,
  0x0000,0x0000,0x0000,0x0000,0x0000,0x19F9,0x1A7F,0x1A7F,0x1A7F,0x1A7F,0x1A7F,0x1A7F,
  0x1A3D,0x0066,0x0000,0x0000,0x0000,0x0001,0x1A1B,0x1A7F,0x1A7F,0x1A7F,0x1A7F,0x1A7F,
  0x1A7F,0x1A7F,0x1A7F,0x0087,0x0000,0x0000,0x0000,0x0000,0x0000,0x0000,0x0000,0x0000,
  0x0000,0x0000,0x0000,0x0000,0x0000,0x0000,0x0000,0x0000,0x0000,0x0000,0x0000,0x0000,
  0x0000,0x0065,0x1A7F,0x1A7F,0x1A7F,0x1A7F,0x1A7F,0x1A7F,0x1A7F,0x1A7F,0x1A7F,0x1A7F,
  0x1A7F,0x1A7F,0x1A7F,0x1A7F,0x1A7F,0x1A7F,0x1A1B,0x0000,0x0000,0x0000,0x0000,0x0000,
  0x0000,0x0000,0x0000,0x0000,0x0000,0x0000,0x0000,0x0000,0x0000,0x0000,0x0000,0x0000,
  0x08CB,0x1A7F,0x1A7F,0x1A7F,0x1A7F,0x1A7F,0x1A7F,0x1A7F,0x1A7F,0x1A7F,0x090D,0x0000,
  0x0000,0x0000,0x0000,0x0000,0x0000,0x0000,0x0000,0x0000,0x0000,0x0000,0x0000,0x0000,
  0x0000,0x0000,0x0000,0x0000,0x0000,0x0000,0x0000,0x0000,0x0000,0x0000,0x0000,0x0000,
  0x0000,0x1194,0x1A7F,0x1A7F,0x1A7F,0x1A7F,0x1A7F,0x1A3D,0x0066,0x0000,0x0000,0x0000,
  0x0000,0x1130,0x1A7F,0x1A7F,0x1A7F,0x1A7F,0x1A7F,0x1A7F,0x1A7F,0x1A7F,0x090E,0x0000,
  0x0000,0x0000,0x0000,0x0000,0x0000,0x0000,0x0000,0x0000,0x0000,0x0000,0x0000,0x0000,
  0x0000,0x0000,0x0000,0x0000,0x0000,0x0000,0x0000,0x0000,0x0000,0x0000,0x1A1B,0x1A7F,
  0x1A7F,0x1A7F,0x1A7F,0x1A7F,0x1A7F,0x1A7F,0x1A7F,0x1A7F,0x1A7F,0x1A7F,0x1A7F,0x1A7F,
  0x1A7F,0x1A7F,0x1A7F,0x08A9,0x0000,0x0000,0x0000,0x0000,0x0000,0x0000,0x0000,0x0000,
  0x0000,0x0000,0x0000,0x0000,0x0000,0x0000,0x0000,0x0000,0x11D7,0x1A7F,0x1A7F,0x1A7F,
  0x1A7F,0x1A7F,0x1A7F,0x1A7F,0x1A7F,0x1A7F,0x0066,0x0000,0x0000,0x0000,0x0000,0x0000,
  0x0000,0x0000,0x0000,0x0000,0x0000,0x0000,0x0000,0x0000,0x0000,0x0000,0x0000,0x0000,
  0x0000,0x0000,0x0000,0x0000,0x0000,0x0000,0x0000,0x0000,0x0000,0x08EC,0x1A7F,0x1A7F,
  0x1A7F,0x1A7F,0x1A1B,0x0066,0x0000,0x0000,0x0000,0x0000,0x08EC,0x1A7F,0x1A7F,0x1A7F,
  0x1A7F,0x1A7F,0x1A7F,0x1A7F,0x1A7F,0x092F,0x0000,0x0000,0x0000,0x0000,0x0000,0x0000,
  0x0000,0x0000,0x0000,0x0000,0x0000,0x0000,0x0000,0x0000,0x0000,0x0000,0x0000,0x0000,
  0x0000,0x0000,0x0000,0x0000,0x0000,0x0000,0x1194,0x1A7F,0x1A7F,0x1A7F,0x1A7F,0x1A7F,
  0x1A7F,0x1A7F,0x1A7F,0x1A7F,0x1A7F,0x1A7F,0x1A7F,0x1A7F,0x1A7F,0x1A7F,0x1A7F,0x092F,
  0x0000,0x0000,0x0000,0x0000,0x0000,0x0000,0x0000,0x0000,0x0000,0x0000,0x0000,0x0000,
  0x0000,0x0000,0x0000,0x0065,0x1A7F,0x1A7F,0x1A7F,0x1A7F,0x1A7F,0x1A7F,0x1A7F,0x1A7F,
  0x1A7F,0x1A3D,0x0001,0x0000,0x0000,0x0000,0x0000,0x0000,0x0000,0x0000,0x0000,0x0000,
  0x0000,0x0000,0x0000,0x0000,0x0000,0x0000,0x0000,0x0000,0x0000,0x0000,0x0000,0x0000,
  0x0000,0x0000,0x0000,0x0000,0x0000,0x0044,0x1A7F,0x1A7F,0x1A7F,0x1194,0x0022,0x0000,
  0x0000,0x0000,0x0000,0x08EC,0x1A7F,0x1A7F,0x1A7F,0x1A7F,0x1A7F,0x1A7F,0x1A7F,0x1A3C,
  0x08A8,0x0000,0x0000,0x0000,0x0000,0x0000,0x0000,0x0000,0x0000,0x0000,0x0000,0x0000,
  0x0000,0x0000,0x0000,0x0000,0x0000,0x0000,0x0000,0x0000,0x0000,0x0000,0x0000,0x0000,
  0x0000,0x0000,0x08CB,0x1A7F,0x1A7F,0x1A7F,0x1A7F,0x1A7F,0x1A7F,0x1A7F,0x1A7F,0x1A7F,
  0x1A7F,0x1A7F,0x1A7F,0x1A7F,0x1A7F,0x1A7F,0x1A7F,0x19D8,0x0000,0x0000,0x0000,0x0000,
  0x0000,0x0000,0x0000,0x0000,0x0000,0x0000,0x0000,0x0000,0x0000,0x0000,0x0000,0x1172,
  0x1A7F,0x1A7F,0x1A7F,0x1A7F,0x1A7F,0x1A7F,0x1A7F,0x1A7F,0x1A7F,0x1A5E,0x0022,0x0000,
  0x0000,0x0000,0x0000,0x0000,0x0000,0x0000,0x0000,0x0000,0x0000,0x0000,0x0000,0x0000,
  0x0000,0x0000,0x0000,0x0000,0x0000,0x0000,0x0000,0x0000,0x0000,0x0000,0x0000,0x0000,
  0x0000,0x0001,0x1A3C,0x11D7,0x08CA,0x0000,0x0000,0x0000,0x0000,0x0000,0x1130,0x1A7F,
  0x1A7F,0x1A7F,0x1A7F,0x1A7F,0x1A7F,0x1A7F,0x11D7,0x0023,0x0000,0x0000,0x0000,0x0000,
  0x0000,0x0000,0x0000,0x0000,0x0000,0x0000,0x0000,0x0000,0x0000,0x0000,0x0000,0x0000,
  0x0000,0x0000,0x0000,0x0000,0x0000,0x0000,0x0000,0x0000,0x0000,0x0000,0x0066,0x1A7F,
  0x1A7F,0x1A7F,0x1A7F,0x1A7F,0x1A7F,0x1A7F,0x1A7F,0x1A7F,0x1A7F,0x1A7F,0x1A7F,0x1A7F,
  0x1A7F,0x1A7F,0x1A7F,0x1A7F,0x08A8,0x0000,0x0000,0x0000,0x0000,0x0000,0x0000,0x0000,
  0x0000,0x0000,0x0000,0x0000,0x0000,0x0000,0x08EC,0x1A7F,0x1A7F,0x1A7F,0x1A7F,0x1A7F,
  0x1A7F,0x1A7F,0x1A7F,0x1A7F,0x1A7F,0x1A7F,0x090E,0x0000,0x0000,0x0000,0x0000,0x0000,
  0x0000,0x0000,0x0000,0x0000,0x0000,0x0000,0x0000,0x0000,0x0000,0x0000,0x0000,0x0000,
  0x0000,0x0000,0x0000,0x0000,0x0000,0x0000,0x0000,0x0000,0x0000,0x0000,0x0044,0x0000,
  0x0000,0x0000,0x0000,0x0000,0x08CB,0x19D8,0x1A7F,0x1A7F,0x1A7F,0x1A7F,0x1A7F,0x1A7F,
  0x1A3D,0x090D,0x0000,0x0000,0x0000,0x0000,0x0000,0x0000,0x0000,0x0000,0x0000,0x0000,
  0x0000,0x0000,0x0000,0x0000,0x0000,0x0000,0x0000,0x0000,0x0000,0x0000,0x0000,0x0000,
  0x0000,0x0000,0x0000,0x0000,0x0000,0x0000,0x090E,0x1A7F,0x1A7F,0x1A7F,0x1A7F,0x1A7F,
  0x1A7F,0x1A7F,0x1A7F,0x1A7F,0x1A7F,0x1A7F,0x1A7F,0x1A7F,0x1A7F,0x1A7F,0x1A7F,0x1A7F,
  0x1A1B,0x0044,0x0000,0x0000,0x0000,0x0000,0x0000,0x0000,0x0000,0x0000,0x0000,0x0000,
  0x0065,0x11B5,0x1A7F,0x1A7F,0x1A7F,0x1A7F,0x1A7F,0x1A7F,0x1A7F,0x1A7F,0x1A7F,0x1A7F,
  0x1A7F,0x1A7F,0x1A7F,0x1194,0x0087,0x0022,0x0000,0x0000,0x0000,0x0000,0x0000,0x0000,
  0x0000,0x0000,0x0000,0x0000,0x0000,0x0000,0x0000,0x0000,0x0000,0x0000,0x0000,0x0000,
  0x0000,0x0000,0x0000,0x0000,0x0000,0x0000,0x0000,0x0000,0x0000,0x0001,0x090D,0x19F9,
  0x1A7F,0x1A7F,0x1A7F,0x1A7F,0x1A7F,0x1A7F,0x1A1A,0x1130,0x0022,0x0000,0x0000,0x0000,
  0x0000,0x0000,0x0000,0x0000,0x0000,0x0000,0x0000,0x0000,0x0000,0x0000,0x0000,0x0000,
  0x0000,0x0000,0x0000,0x0000,0x0000,0x0000,0x0000,0x0000,0x0000,0x0000,0x0000,0x0023,
  0x08A8,0x1151,0x1A7F,0x1A7F,0x1A7F,0x1A7F,0x1A7F,0x1A7F,0x1A7F,0x1A7F,0x1A7F,0x1A7F,
  0x1A7F,0x1A7F,0x1A7F,0x1A7F,0x1A7F,0x1A7F,0x1A7F,0x1A7F,0x1A7F,0x1A5E,0x092F,0x0065,
  0x0000,0x0000,0x0000,0x0000,0x0000,0x0000,0x0000,0x0001,0x19F9,0x1A7F,0x1A7F,0x1A7F,
  0x1A7F,0x1A7F,0x1A7F,0x1A7F,0x1A7F,0x1A7F,0x1A7F,0x1A7F,0x1A7F,0x1A7F,0x1A5E,0x1A7F,
  0x1A5E,0x1A1A,0x0044,0x0000,0x0000,0x0000,0x0000,0x0000,0x0000,0x0000,0x0000,0x0000,
  0x0000,0x0000,0x0000,0x0000,0x0000,0x0000,0x0000,0x0000,0x0000,0x0000,0x0000,0x0000,
  0x0022,0x0023,0x08A8,0x090E,0x11B6,0x1A3C,0x1A7F,0x1A7F,0x1A7F,0x1A7F,0x1A7F,0x1A3C,
  0x1151,0x08CB,0x0000,0x0000,0x0000,0x0000,0x0000,0x0000,0x0000,0x0000,0x0000,0x0000,
  0x0000,0x0000,0x0000,0x0000,0x0000,0x0000,0x0000,0x0000,0x0000,0x0000,0x0000,0x0000,
  0x0000,0x0000,0x0000,0x0000,0x0000,0x0000,0x0001,0x1A1A,0x1A7F,0x1A7F,0x1A7F,0x1A7F,
  0x1A7F,0x1A7F,0x1A7F,0x1A7F,0x1A7F,0x1A7F,0x1A7F,0x1A7F,0x1A7F,0x1A7F,0x1A7F,0x1A7F,
  0x1A7F,0x1A7F,0x1A7F,0x1A7F,0x1A3D,0x1A5E,0x1A7F,0x19F9,0x0022,0x0000,0x0000,0x0000,
  0x0000,0x0000,0x0000,0x0000,0x0001,0x0044,0x08A8,0x08A8,0x08A8,0x08A8,0x08A8,0x08A8,
  0x08A8,0x08A8,0x08A8,0x08A8,0x08A8,0x0087,0x0022,0x0001,0x0022,0x0022,0x0000,0x0000,
  0x0000,0x0000,0x0000,0x0000,0x0000,0x0000,0x0000,0x0000,0x0000,0x0000,0x0000,0x0000,
  0x0000,0x0000,0x0000,0x0000,0x0000,0x0000,0x08CA,0x11B6,0x1A1B,0x1A3C,0x1A7F,0x1A7F,
  0x1A7F,0x1A5E,0x19D8,0x11D7,0x1151,0x092F,0x0065,0x0001,0x0000,0x0000,0x0000,0x0000,
  0x0000,0x0000,0x0000,0x0000,0x0000,0x0000,0x0000,0x0000,0x0000,0x0000,0x0000,0x0000,
  0x0000,0x0000,0x0000,0x0000,0x0000,0x0000,0x0000,0x0000,0x0000,0x0000,0x0000,0x0000,
  0x0000,0x0000,0x0000,0x0044,0x0087,0x0087,0x08A8,0x08A8,0x08A8,0x08A8,0x08A8,0x08A8,
  0x08A8,0x08A8,0x08A8,0x08A8,0x08A8,0x08A8,0x08A8,0x08A8,0x08A8,0x08A8,0x08A8,0x0065,
  0x0022,0x0022,0x0001,0x0001,0x0000,0x0000,0x0000,0x0000,0x0000,0x0000,0x0000,0x0000,
  0x0000,0x0000,0x0000,0x0000,0x0000,0x0000,0x0000,0x0000,0x0000,0x0000,0x0000,0x0000,
  0x0000,0x0000,0x0000,0x0000,0x0000,0x0000,0x0000,0x0000,0x0000,0x0000,0x0000,0x0000,
  0x0000,0x0000,0x0000,0x0000,0x0000,0x0000,0x0000,0x0000,0x0000,0x0000,0x0000,0x0000,
  0x0000,0x0000,0x0001,0x0023,0x0022,0x0022,0x0001,0x0001,0x0001,0x0001,0x0000,0x0000,
  0x0000,0x0000,0x0000,0x0000,0x0000,0x0000,0x0000,0x0000,0x0000,0x0000,0x0000,0x0000,
  0x0000,0x0000,0x0000,0x0000,0x0000,0x0000,0x0000,0x0000,0x0000,0x0000,0x0000,0x0000,
  0x0000,0x0000,0x0000,0x0000,0x0000,0x0000,0x0000,0x0000,0x0000,0x0000,0x0000,0x0000,
  0x0000,0x0000,0x0000,0x0000,0x0000,0x0000,0x0000,0x0000,0x0000,0x0000,0x0000,0x0000,
  0x0000,0x0000,0x0000,0x0000,0x0000,0x0000,0x0000,0x0000,0x0000,0x0000,0x0000,0x0000,
  0x0000,0x0000,0x0000,0x0000,0x0000,0x0000,0x0000,0x0000,0x0000,0x0000,0x0000,0x0000,
  0x0000,0x0000,0x0000,0x0000,0x0000,0x0000,0x0000,0x0000,0x0000,0x0000,0x0000,0x0000,
  0x0000,0x0000,0x0000,0x0000,0x0000,0x0000,0x0000,0x0000,0x0000,0x0000,0x0000,0x0000,
  0x0000,0x0000,0x0000,0x0000,0x0000,0x0000,0x0000,0x0000,0x0000,0x0000,0x0000,0x0000,
  0x0000,0x0000,0x0000,0x0000,0x0000,0x0000,0x0000,0x0000,0x0000,0x0000,0x0000,0x0000,
  0x0000,0x0000,0x0000,0x0000,0x0000,0x0000,0x0000,0x0000,0x0000,0x0000,0x0000,0x0000,
  0x0000,0x0000,0x0000,0x0000,0x0000,0x0000,0x0000,0x0000,0x0000,0x0000,0x0000,0x0000,
  0x0000,0x0000,0x0000,0x0000,0x0000,0x0000,0x0000,0x0000,0x0000,0x0000,0x0000,0x0000,
  0x0000,0x0000,0x0000,0x0000,0x0000,0x0000,0x0000,0x0000,0x0000,0x0000,0x0000,0x0000,
  0x0000,0x0000,0x0000,0x0000,0x0000,0x0000,0x0000,0x0000,0x0000,0x0000,0x0000,0x0000,
  0x0000,0x0000,0x0000,0x0000,0x0000,0x0000,0x0000,0x0000,0x0000,0x0000,0x0000,0x0000,
  0x0000,0x0000,0x0000,0x0000,0x0000,0x0000,0x0000,0x0000,0x0000,0x0000,0x0000,0x0000,
  0x0000,0x0000,0x0000,0x0000,0x0000,0x0000,0x0000,0x0000,0x0000,0x0000,0x0000,0x0000,
  0x0000,0x0000,0x0000,0x0000,0x0000,0x0000,0x0000,0x0000,0x0000,0x0000,0x0000,0x0000,
  0x0000,0x0000,0x0000,0x0000,0x0000,0x0000,0x0000,0x0000,0x0000,0x0000,0x0000,0x0000,
  0x0000,0x0000,0x0000,0x0000,0x0000,0x0000,0x0000,0x0000,0x0000,0x0000,0x0000,0x0000,
  0x0000,0x0000,0x0000,0x0000,0x0000,0x0000,0x0000,0x0000,0x0000,0x0000,0x0000,0x0000,
  0x0000,0x0000,0x0000,0x0000,0x0000,0x0000,0x0000,0x0000,0x0000,0x0000,0x0000,0x0000,
  0x0000,0x0000,0x0000,0x0000,0x0000,0x0000,0x0000,0x0000,0x0000,0x0000,0x0000,0x0000,
  0x0000,0x0000,0x0000,0x0000,0x0000,0x0000,0x0000,0x0000,0x0000,0x0000,0x0000,0x0000,
  0x0000,0x0000,0x0000,0x0000,0x0000,0x0000,0x0000,0x0000,0x0000,0x0000,0x0000,0x0000,
  0x0000,0x0000,0x0000,0x0000,0x0000,0x0000,0x0000,0x0000,0x0000,0x0000,0x0000,0x0000,
  0x0000,0x0000,0x0000,0x0000,0x0000,0x0000,0x0000,0x0000,0x0000,0x0000,0x0000,0x0000,
  0x0000,0x0000,0x0000,0x0000,0x0000,0x0000,0x0000,0x0000,0x0000,0x0000,0x0000,0x0000,
  0x0000,0x0000,0x0000,0x0000,0x0000,0x0000,0x0000,0x0000,0x0000,0x0000,0x0000,0x0000,
  0x0000,0x0000,0x0000,0x0000,0x0000,0x0000,0x0000,0x0000,0x0000,0x0000,0x0000,0x0000,
  0x0000,0x0000,0x0000,0x0000,0x0000,0x0000,0x0000,0x0000,0x0000,0x0000,0x0000,0x0000,
  0x0000,0x0000,0x0000,0x0000,0x0000,0x0000,0x0000,0x0000,0x0000,0x0000,0x0000,0x0000,
  0x0000,0x0000,0x0000,0x0000,0x0000,0x0000,0x0000,0x0000,0x0000,0x0000,0x0000,0x0000,
  0x0000,0x0000,0x0000,0x0000,0x0000,0x0000,0x0000,0x0000,0x0000,0x0000,0x0000,0x0000,
  0x0000,0x0000,0x0000,0x0000,0x0000,0x0000,0x0000,0x0000,0x0000,0x0000,0x0000,0x0000,
  0x0000,0x0000,0x0000,0x0000,0x0000,0x0000,0x0000,0x0000,0x0000,0x0000,0x0000,0x0000,
  0x0000,0x0000,0x0000,0x0000,0x0000,0x0000,0x0000,0x0000,0x0000,0x0000,0x0000,0x0000,
  0x0000,0x0000,0x0000,0x0000,0x0000,0x0000,0x0000,0x0000,0x0000,0x0000,0x0000,0x0000,
  0x0000,0x0000,0x0000,0x0000,0x0000,0x0000,0x0000,0x0000,0x0000,0x0000,0x0000,0x0000,
  0x0000,0x0000,0x0000,0x0000,0x0000,0x0000,0x0000,0x0000,0x0000,0x0000,0x0000,0x0000,
  0x0000,0x0000,0x0000,0x0000,0x0000,0x0000,0x0000,0x0000,0x0000,0x0000,0x0000,0x0000,
  0x0000,0x0000,0x0000,0x0000,0x0000,0x0000,0x0000,0x0000,0x0000,0x0000,0x0000,0x0000,
  0x0000,0x0000,0x0000,0x0000,0x0000,0x0000,0x0000,0x0000,0x0000,0x0000,0x0000,0x0000,
  0x0000,0x0000,0x0000,0x0000,0x0000,0x0000,0x0000,0x0000,0x0000,0x0000,0x0000,0x0000,
  0x0000,0x0000,0x0000,0x0000,0x0000,0x0000,0x0000,0x0000,0x0000,0x0000,0x0000,0x0000,
  0x0000,0x0000,0x0000,0x0000,0x0000,0x0000,0x0000,0x0000,0x0000,0x0000,0x0000,0x0000,
  0x0000,0x0000,0x0000,0x0000,0x0000,0x0000,0x0000,0x0000,0x0000,0x0000,0x0000,0x0000,
  0x0000,0x0000,0x0000,0x0000,0x0000,0x0000,0x0000,0x0000,0x0000,0x0000,0x0000,0x0000,
  0x0000,0x0000,0x0000,0x0000,0x0000,0x0000,0x0000,0x0000,0x0000,0x0000,0x0000,0x0000,
  0x0000,0x0000,0x0000,0x0000,0x0000,0x0000,0x0000,0x0000,0x0000,0x0000,0x0000,0x0000,
  0x0000,0x0000,0x0000,0x0000,0x0000,0x0000,0x0000,0x0000,0x0000,0x0000,0x0000,0x0000,
  0x0000,0x0000,0x0000,0x0000,0x0000,0x0000,0x0000,0x0000,0x0000,0x0000,0x0000,0x0000,
  0x0000,0x0000,0x0000,0x0000,0x0000,0x0000,0x0000,0x0000,0x0000,0x0000,0x0000,0x0000,
  0x0000,0x0000,0x0000,0x0000,0x0000,0x0000,0x0000,0x0000,0x0000,0x0000,0x0000,0x0000,
  0x0000,0x0000,0x0000,0x0000,0x0000,0x0000,0x0000,0x0000,0x0000,0x0000,0x0000,0x0000,
  0x0000,0x0000,0x0000,0x0000,0x0000,0x0000,0x0000,0x0000,0x0000,0x0000,0x0000,0x0000,
  0x0000,0x0000,0x0000,0x0000,0x0000,0x0000,0x0000,0x0000,0x0000,0x0000,0x0000,0x0000,
  0x0000,0x0000,0x0000,0x0000,0x0000,0x0000,0x0000,0x0000,0x0000,0x0000,0x0000,0x0000,
  0x0000,0x0000,0x0000,0x0000,0x0000,0x0000,0x0000,0x0000,0x0000,0x0000,0x0000,0x0000,
  0x0000,0x0000,0x0000,0x0000,0x0000,0x0000,0x0000,0x0000,0x0000,0x0000,0x0000,0x0000,
  0x0000,0x0000,0x0000,0x0000,0x0000,0x0000,0x0000,0x0000,0x0000,0x0000,0x0000,0x0000,
  0x0000,0x0000,0x0000,0x0000,0x0000,0x0000,0x0000,0x0000,0x0000,0x0000,0x0000,0x0000,
  0x0000,0x0000,0x0000,0x0000,0x0000,0x0000,0x0000,0x0000,0x0000,0x0000,0x0000,0x0000,
  0x0000,0x0000,0x0000,0x0000,0x0000,0x0000,0x0000,0x0000,0x0000,0x0000,0x0000,0x0000,
  0x0000,0x0000,0x0000,0x0000,0x0000,0x0000,0x0000,0x0000,0x0000,0x0000,0x0000,0x0000,
  0x0000,0x0000,0x0000,0x0000,0x0000,0x0000,0x0000,0x0000,0x0000,0x0000,0x0000,0x0000,
  0x0000,0x0000,0x0000,0x0000,0x0000,0x0000,0x0000,0x0000,0x0000,0x0000,0x0000,0x0000,
  0x0000,0x0000,0x0000,0x0000,0x0000,0x0000,0x0000,0x0000,0x0000,0x0000,0x0000,0x0000,
  0x0000,0x0000,0x0000,0x0000,0x0000,0x0000,0x0000,0x0000,0x0000,0x0000,0x0000,0x0000,
  0x0000,0x0000,0x0000,0x0000,0x0000,0x0000,0x0000,0x0000,0x0000,0x0000,0x0000,0x0000,
  0x0000,0x0000,0x0000,0x0000,0x0000,0x0000,0x0000,0x0000,0x0000,0x0000,0x0000,0x0000,
  0x0000,0x0000,0x0000,0x0000,0x0000,0x0000,0x0000,0x0000,0x0000,0x0000,0x0000,0x0000,
  0x0000,0x0000,0x0000,0x0000,0x0000,0x0000,0x0000,0x0000,0x0000,0x0000,0x0000,0x0000,
  0x0000,0x0000,0x0000,0x0000,0x0000,0x0000,0x0000,0x0000,0x0000,0x0000,0x0000,0x0000,
  0x0000,0x0000,0x0000,0x0000,0x0000,0x0000,0x0000,0x0000,0x0000,0x0000,0x0000,0x0000,
  0x0000,0x0000,0x0000,0x0000,0x0000,0x0000,0x0000,0x0000,0x0000,0x0000,0x0000,0x0000,
  0x0000,0x0000,0x0000,0x0000,0x0000,0x0000,0x0000,0x0000,0x0000,0x0000,0x0000,0x0000,
  0x0000,0x0000,0x0000,0x0000,0x0000,0x0000,0x0000,0x0000,0x0000,0x0000,0x0000,0x0000,
  0x0000,0x0000,0x0000,0x0000,0x0000,0x0000,0x0000,0x0000,0x0000,0x0000,0x0000,0x0000,
  0x0000,0x0000,0x0000,0x0000,0x0000,0x0000,0x0000,0x0000,0x0000,0x0000,0x0000,0x0000,
  0x0000,0x0000,0x0000,0x0000,0x0000,0x0000,0x0000,0x0000,0x0000,0x0000,0x0000,0x0000,
  0x0000,0x0000,0x0000,0x0000,0x0000,0x0000,0x0000,0x0000,0x0000,0x0000,0x0000,0x0000,
  0x0000,0x0000,0x0000,0x0000,0x0000,0x0000,0x0000,0x0000,0x0000,0x0000,0x0000,0x0000,
  0x0000,0x0000,0x0000,0x0000,0x0000,0x0000,0x0000,0x0000,0x0000,0x0000,0x0000,0x0000,
  0x0000,0x0000,0x0000,0x0000,0x0000,0x0000,0x0000,0x0000,0x0000,0x0000,0x0000,0x0000,
  0x0000,0x0000,0x0000,0x0000,0x0000,0x0000,0x0000,0x0000,0x0000,0x0000,0x0000,0x0000,
  0x0000,0x0000,0x0000,0x0000,0x0000,0x0000,0x0000,0x0000,0x0000,0x0000,0x0000,0x0000,
  0x0000,0x0000,0x0000,0x0000,0x0000,0x0000,0x0000,0x0000,0x0000,0x0000,0x0000,0x0000,
  0x0000,0x0000,0x0000,0x0000,0x0000,0x0000,0x0000,0x0000,0x0000,0x0000,0x0000,0x0000,
  0x0000,0x0000,0x0000,0x0000,0x0000,0x0000,0x0000,0x0000,0x0000,0x0000,0x0000,0x0000,
  0x0000,0x0000,0x0000,0x0000,0x0000,0x0000,0x0000,0x0000,0x0000,0x0000,0x0000,0x0000,
  0x0000,0x0000,0x0000,0x0000,0x0000,0x0000,0x0000,0x0000,0x0000,0x0000,0x0000,0x0000,
  0x0000,0x0000,0x0000,0x0000,0x0000,0x0000,0x0000,0x0000,0x0000,0x0000,0x0000,0x0000,
  0x0000,0x0000,0x0000,0x0000,0x0000,0x0000,0x0000,0x0000,0x0000,0x0000,0x0000,0x0000,
  0x0000,0x0000,0x0000,0x0000,0x0000,0x0000,0x0000,0x0000,0x0000,0x0000,0x0000,0x0000,
  0x0000,0x0000,0x0000,0x0000,0x0000,0x0000,0x0000,0x0000,0x0000,0x0000,0x0000,0x0000,
  0x0000,0x0000,0x0000,0x0000,0x0000,0x0000,0x0000,0x0000,0x0000,0x0000,0x0000,0x0000,
  0x0000,0x0000,0x0000,0x0000,0x0000,0x0000,0x0000,0x0000,0x0000,0x0000,0x0000,0x0000,
  0x0000,0x0000,0x0000,0x0000,0x0000,0x0000,0x0000,0x0000,0x0000,0x0000,0x0000,0x0000,
  0x0000,0x0000,0x0000,0x0000,0x0000,0x0000,0x0000,0x0000,0x0000,0x0000,0x0000,0x0000,
  0x0000,0x0000,0x0000,0x0000,0x0000,0x0000,0x0000,0x0000,0x0000,0x0000,0x0000,0x0000,
  0x0000,0x0000,0x0000,0x0000,0x0000,0x0000,0x0000,0x0000,0x0000,0x0000,0x0000,0x0000,
  0x0000,0x0000,0x0000,0x0000,0x0000,0x0000,0x0000,0x0000,0x0000,0x0000,0x0000,0x0000,
  0x0000,0x0000,0x0000,0x0000,0x0000,0x0000,0x0000,0x0000,0x0000,0x0000,0x0000,0x0000,
  0x0000,0x0000,0x0000,0x0000,0x0000,0x0000,0x0000,0x0000,0x0000,0x0000,0x0000,0x0000,
  0x0000,0x0000,0x0000,0x0000,0x0000,0x0000,0x0000,0x0000,0x0000,0x0000,0x0000,0x0000,
  0x0000,0x0000,0x0000,0x0000,0x0000,0x0000,0x0000,0x0000,0x0000,0x0000,0x0000,0x0000,
  0x0000,0x0000,0x0000,0x0000,0x0000,0x0000,0x0000,0x0000,0x0000,0x0000,0x0000,0x0000,
  0x0000,0x0000,0x0000,0x0000,0x0000,0x0000,0x0000,0x0000,0x0000,0x0000,0x0000,0x0000,
  0x0000,0x0000,0x0000,0x0000,0x0000,0x0000,0x0000,0x0000,0x0000,0x0000,0x0000,0x0000,
  0x0000,0x0000,0x0000,0x0000,0x0000,0x0000,0x0000,0x0000,0x0000,0x0000,0x0000,0x0000,
  0x0000,0x0000,0x0000,0x0000,0x0000,0x0000,0x0000,0x0000,0x0000,0x0000,0x0000,0x0000,
  0x0000,0x0000,0x0000,0x0000,0x0000,0x0000,0x0000,0x0000,0x0000,0x0000,0x0000,0x0000,
  0x0000,0x0000,0x0000,0x0000,0x0000,0x0000,0x0000,0x0000,0x0000,0x0000,0x0000,0x0000,
  0x0000,0x0000,0x0000,0x0000,0x0000,0x0000,0x0000,0x0000,0x0000,0x0000,0x0000,0x0000,
  0x0000,0x0000,0x0000,0x0000,0x0000,0x0000,0x0000,0x0000,0x0000,0x0000,0x0000,0x0000,
  0x0000,0x0000,0x0000,0x0000,0x0000,0x0000,0x0000,0x0000,0x0000,0x0000,0x0000,0x0000,
  0x0000,0x0000,0x0000,0x0000,0x0000,0x0000,0x0000,0x0000,0x0000,0x0000,0x0000,0x0000,
  0x0000,0x0000,0x0000,0x0000,0x0000,0x0000,0x0000,0x0000,0x0000,0x0000,0x0000,0x0000,
  0x0000,0x0000,0x0000,0x0000,0x0000,0x0000,0x0000,0x0000,0x0000,0x0000,0x0000,0x0000,
  0x0000,0x0000,0x0000,0x0000,0x0000,0x0000,0x0000,0x0000,0x0000,0x0000,0x0000,0x0000,
  0x0000,0x0000,0x0000,0x0000,0x0000,0x0000,0x0000,0x0000,0x0000,0x0000,0x0000,0x0000,
  0x0000,0x0000,0x0000,0x0000,0x0000,0x0000,0x0000,0x0000,0x0000,0x0000,0x0000,0x0000,
  0x0000,0x0000,0x0000,0x0000,0x0000,0x0000,0x0000,0x0000,0x0000,0x0000,0x0000,0x0000,
  0x0000,0x0000,0x0000,0x0000,0x0000,0x0000,0x0000,0x0000,0x0000,0x0000,0x0000,0x0000,
  0x0000,0x0000,0x0000,0x0000,0x0000,0x0000,0x0000,0x0000,0x0000,0x0000,0x0000,0x0000,
  0x0000,0x0000,0x0000,0x0000,0x0000,0x0000,0x0000,0x0000,0x0000,0x0000,0x0000,0x0000,
  0x0000,0x0000,0x0000,0x0000,0x0000,0x0000,0x0000,0x0000,0x0000,0x0000,0x0000,0x0000,
  0x0000,0x0000,0x0000,0x0000,0x0000,0x0000,0x0000,0x0000,0x0000,0x0000,0x0000,0x0000,
  0x0000,0x0000,0x0000,0x0000,0x0000,0x0000,0x0000,0x0000,0x0000,0x0000,0x0000,0x0000,
  0x0000,0x0000,0x0000,0x0000,0x0000,0x0000,0x0000,0x0000,0x0000,0x0000,0x0000,0x0000,
  0x0000,0x0000,0x0000,0x0000,0x0000,0x0000,0x0000,0x0000,0x0000,0x0000,0x0000,0x0000,
  0x0000,0x0000,0x0000,0x0000,0x0000,0x0000,0x0000,0x0000,0x0000,0x0000,0x0000,0x0000,
  0x0000,0x0000,0x0000,0x0000,0x0000,0x0000,0x0000,0x0000,0x0000,0x0000,0x0000,0x0000,
  0x0000,0x0000,0x0000,0x0000,0x0000,0x0000,0x0000,0x0000,0x0000,0x0000,0x0000,0x0000,
  0x0000,0x0000,0x0000,0x0000,0x0000,0x0000,0x0000,0x0000,0x0000,0x0000,0x0000,0x0000,
  0x0000,0x0000,0x0000,0x0000,0x0000,0x0000,0x0000,0x0000,0x0000,0x0000,0x0000,0x0000,
  0x0000,0x0000,0x0000,0x0000,0x0000,0x0000,0x0000,0x0000,0x0000,0x0000,0x0000,0x0000,
  0x0000,0x0000,0x0000,0x0000,0x0000,0x0000,0x0000,0x0000,0x0000,0x0000,0x0000,0x0000,
  0x0000,0x0000,0x0000,0x0000,0x0000,0x0000,0x0000,0x0000,0x0000,0x0000,0x0000,0x0000,
  0x0000,0x0000,0x0000,0x0000,0x0000,0x0000,0x0000,0x0000,0x0000,0x0000,0x0000,0x0000,
  0x0000,0x0000,0x0000,0x0000,0x0000,0x0000,0x0000,0x0000,0x0000,0x0000,0x0000,0x0000,
  0x0000,0x0000,0x0000,0x0000,0x0000,0x0000,0x0000,0x0000,0x0000,0x0000,0x0000,0x0000,
  0x0000,0x0000,0x0000,0x0000,0x0000,0x0000,0x0000,0x0000,0x0000,0x0000,0x0000,0x0000,
  0x0000,0x0000,0x0000,0x0000,0x0000,0x0000,0x0000,0x0000,0x0000,0x0000,0x0000,0x0000,
  0x0000,0x0000,0x0000,0x0000,0x0000,0x0000,0x0000,0x0000,0x0000,0x0000,0x0000,0x0000,
  0x0000,0x0000,0x0000,0x0000,0x0000,0x0000,0x0000,0x0000,0x0000,0x0000,0x0000,0x0000,
  0x0000,0x0000,0x0000,0x0000,0x0000,0x0000,0x0000,0x0000,0x0000,0x0000,0x0000,0x0000,
  0x0000,0x0000,0x0000,0x0000,0x0000,0x0000,0x0000,0x0000,0x0000,0x0000,0x0000,0x0000,
  0x0000,0x0000,0x0000,0x0000,0x0000,0x0000,0x0000,0x0000,0x0000,0x0000,0x0000,0x0000,
  0x0000,0x0000,0x0000,0x0000,0x0000,0x0000,0x0000,0x0000,0x0000,0x0000,0x0000,0x0000,
  0x0000,0x0000,0x0000,0x0000,0x0000,0x0000,0x0000,0x0000,0x0000,0x0000,0x0000,0x0000,
  0x0000,0x0000,0x0000,0x0000,0x0000,0x0000,0x0000,0x0000,0x0000,0x0000,0x0000,0x0000,
  0x0000,0x0000,0x0000,0x0000,0x0000,0x0000,0x0000,0x0000,0x0000,0x0000,0x0000,0x0000,
  0x0000,0x0000,0x0000,0x0000,0x0000,0x0000,0x0000,0x0000,0x0000,0x0000,0x0000,0x0000,
  0x0000,0x0000,0x0000,0x0000,0x0000,0x0000,0x0000,0x0000,0x0000,0x0000,0x0000,0x0000,
  0x0000,0x0000,0x0000,0x0000,0x0000,0x0000,0x0000,0x0000,0x0000,0x0000,0x0000,0x0000,
  0x0000,0x0000,0x0000,0x0000,0x0000,0x0000,0x0000,0x0000,0x0000,0x0000,0x0000,0x0000,
  0x0000,0x0000,0x0000,0x0000,0x0000,0x0000,0x0000,0x0000,0x0000,0x0000,0x0000,0x0000,
  0x0000,0x0000,0x0000,0x0000,0x0000,0x0000,0x0000,0x0000,0x0000,0x0000,0x0000,0x0000,
  0x0000,0x0000,0x0000,0x0000,0x0000,0x0000,0x0000,0x0000,0x0000,0x0000,0x0000,0x0000,
  0x0000,0x0000,0x0000,0x0000,0x0000,0x0000,0x0000,0x0000,0x0000,0x0000,0x0000,0x0000,
  0x0000,0x0000,0x0000,0x0000,0x0000,0x0000,0x0000,0x0000,0x0000,0x0000,0x0000,0x0000,
  0x0000,0x0000,0x0000,0x0000,0x0000,0x0000,0x0000,0x0000,0x0000,0x0000,0x0000,0x0000,
  0x0000,0x0000,0x0000,0x0000,0x0000,0x0000,0x0000,0x0000,0x0000,0x0000,0x0000,0x0000,
  0x0000,0x0000,0x0000,0x0000,0x0000,0x0000,0x0000,0x0000,0x0000,0x0000,0x0000,0x0000,
  0x0000,0x0000,0x0000,0x0000,0x0000,0x0000,0x0000,0x0000,0x0000,0x0000,0x0000,0x0000,
  0x0000,0x0000,0x0000,0x0000,0x0000,0x0000,0x0000,0x0000,0x0000,0x0000,0x0000,0x0000,
  0x0000,0x0000,0x0000,0x0000,0x0000,0x0000,0x0000,0x0000,0x0000,0x0000,0x0000,0x0000,
  0x0000,0x0000,0x0000,0x0000,0x0000,0x0000,0x0000,0x0000,0x0000,0x0000,0x0000,0x0000,
  0x0000,0x0000,0x0000,0x0000,0x0000,0x0000,0x0000,0x0000,0x0000,0x0000,0x0000,0x0000,
  0x0000,0x0000,0x0000,0x0000,0x0000,0x0000,0x0000,0x0000,0x0000,0x0000,0x0000,0x0000,
  0x0000,0x0000,0x0000,0x0000,0x0000,0x0000,0x0000,0x0000,0x0000,0x0000,0x0000,0x0000,
  0x0000,0x0000,0x0000,0x0000,0x0000,0x0000,0x0000,0x0000,0x0000,0x0000,0x0000,0x0000,
  0x0000,0x0000,0x0000,0x0000,0x0000,0x0000,0x0000,0x0000,0x0000,0x0000,0x0000,0x0000,
  0x0000,0x0000,0x0000,0x0000,0x0000,0x0000,0x0000,0x0000,0x0000,0x0000,0x0000,0x0000,
  0x0000,0x0000,0x0000,0x0000,0x0000,0x0000,0x0000,0x0000,0x0000,0x0000,0x0000,0x0000,
  0x0000,0x0000,0x0000,0x0000,0x0000,0x0000,0x0000,0x0000,0x0000,0x0000,0x0000,0x0000,
  0x0000,0x0000,0x0000,0x0000,0x0000,0x0000,0x0000,0x0000,0x0000,0x0000,0x0000,0x0000,
  0x0000,0x0000,0x0000,0x0000,0x0000,0x0000,0x0000,0x0000,0x0000,0x0000,0x0000,0x0000,
  0x0000,0x0000,0x0000,0x0000,0x0000,0x0000,0x0000,0x0000,0x0000,0x0000,0x0000,0x0000,
  0x0000,0x0000,0x0000,0x0000,0x0000,0x0000,0x0000,0x0000,0x0000,0x0000,0x0000,0x0000,
  0x0000,0x0000,0x0000,0x0000,0x0000,0x0000,0x0000,0x0000,0x0000,0x0000,0x0000,0x0000,
  0x0000,0x0000,0x0000,0x0000,0x0000,0x0000,0x0000,0x0000,0x0000,0x0000,0x0000,0x0000,
  0x0000,0x0000,0x0000,0x0000,0x0000,0x0000,0x0000,0x0000,0x0000,0x0000,0x0000,0x0000,
  0x0000,0x0000,0x0000,0x0000,0x0000,0x0000,0x0000,0x0000,0x0000,0x0000,0x0000,0x0000,
  0x0000,0x0000,0x0000,0x0000,0x0000,0x0000,0x0000,0x0000,0x0000,0x0000,0x0000,0x0000,
  0x0000,0x0000,0x0000,0x0000,0x0000,0x0000,0x0000,0x0000,0x0000,0x0000,0x0000,0x0000,
  0x0000,0x0000,0x0000,0x0000,0x0000,0x0000,0x0000,0x0000,0x0000,0x0000,0x0000,0x0000,
  0x0000,0x0000,0x0000,0x0000,0x0000,0x0000,0x0000,0x0000,0x0000,0x0000,0x0000,0x0000,
  0x0000,0x0000,0x0000,0x0000,0x0000,0x0000,0x0000,0x0000,0x0000,0x0000,0x0000,0x0000,
  0x0000,0x0000,0x0000,0x0000,0x0000,0x0000,0x0000,0x0000,0x0000,0x0000,0x0000,0x0000,
  0x0000,0x0000,0x0000,0x0000,0x0000,0x0000,0x0000,0x0000,0x0000,0x0000,0x0000,0x0000,
  0x0000,0x0000,0x0000,0x0000,0x0000,0x0000,0x0000,0x0000,0x0000,0x0000,0x0000,0x0000,
  0x0000,0x0000,0x0000,0x0000,0x0000,0x0000,0x0000,0x0000,0x0000,0x0000,0x0000,0x0000,
  0x0000,0x0000,0x0000,0x0000,0x0000,0x0000,0x0000,0x0000,0x0000,0x0000,0x0000,0x0000,
  0x0000,0x0000,0x0000,0x0000,0x0000,0x0000,0x0000,0x0000,0x0000,0x0000,0x0000,0x0000,
  0x0000,0x0000,0x0000,0x0000,0x0000,0x0000,0x0000,0x0000,0x0000,0x0000,0x0000,0x0000,
  0x0000,0x0000,0x0000,0x0000,0x0000,0x0000,0x0000,0x0000,0x0000,0x0000,0x0000,0x0000,
  0x0000,0x0000,0x0000,0x0000,0x0000,0x0000,0x0000,0x0000,0x0000,0x0000,0x0000,0x0000,
  0x0000,0x0000,0x0000,0x0000,0x0000,0x0000,0x0000,0x0000,0x0000,0x0000,0x0000,0x0000,
  0x0000,0x0000,0x0000,0x0000,0x0000,0x0000,0x0000,0x0000,0x0000,0x0000,0x0000,0x0000,
  0x0000,0x0000,0x0000,0x0000,0x0000,0x0000,0x0000,0x0000,0x0000,0x0000,0x0000,0x0000,
  0x0000,0x0000,0x0000,0x0000,0x0000,0x0000,0x0000,0x0000,0x0000,0x0000,0x0000,0x0000,
  0x0000,0x0000,0x0000,0x0000,0x0000,0x0000,0x0000,0x0000,0x0000,0x0000,0x0000,0x0000,
  0x0000,0x0000,0x0000,0x0000,0x0000,0x0000,0x0000,0x0000,0x0000,0x0000,0x0000,0x0000,
  0x0000,0x0000,0x0000,0x0000,0x0000,0x0000,0x0000,0x0000,0x0000,0x0000,0x0000,0x0000,
  0x0000,0x0000,0x0000,0x0000,0x0000,0x0000,0x0000,0x0000,0x0000,0x0000,0x0000,0x0000,
  0x0000,0x0000,0x0000,0x0000,0x0000,0x0000,0x0000,0x0000,0x0000,0x0000,0x0000,0x0000,
  0x0000,0x0000,0x0000,0x0000,0x0000,0x0000,0x0000,0x0000,0x0000,0x0000,0x0000,0x0000,
  0x0000,0x0000,0x0000,0x0000,0x0000,0x0000,0x0000,0x0000,0x0000,0x0000,0x0000,0x0000,
  0x0000,0x0000,0x0000,0x0000,0x0000,0x0000,0x0000,0x0000,0x0000,0x0000,0x0000,0x0000,
  0x0000,0x0000,0x0000,0x0000,0x0000,0x0000,0x0000,0x0000,0x0000,0x0000,0x0000,0x0000,
  0x0000,0x0000,0x0000,0x0000,0x0000,0x0000,0x0000,0x0000,0x0000,0x0000,0x0000,0x0000,
  0x0000,0x0000,0x0000,0x0000,0x0000,0x0000,0x0000,0x0000,0x0000,0x0000,0x0000,0x0000,
  0x0000,0x0000,0x0000,0x0000,0x0000,0x0000,0x0000,0x0000,0x0000,0x0000,0x0000,0x0000,
  0x0000,0x0000,0x0000,0x0000,0x0000,0x0000,0x0000,0x0000,0x0000,0x0000,0x0000,0x0000,
  0x0000,0x0000,0x0000,0x0000,0x0000,0x0000,0x0000,0x0000,0x0000,0x0000,0x0000,0x0000,
  0x0000,0x0000,0x0000,0x0000,0x0000,0x0000,0x0000,0x0000,0x0000,0x0000,0x0000,0x0000,
  0x0000,0x0000,0x0000,0x0000,0x0000,0x0000,0x0000,0x0000,0x0000,0x0000,0x0000,0x0000,
  0x0000,0x0000,0x0000,0x0000,0x0000,0x0000,0x0000,0x0000,0x0000,0x0000,0x0000,0x0000,
  0x0000,0x0000,0x0000,0x0000,0x0000,0x0000,0x0000,0x0000,0x0000,0x0000,0x0000,0x0000,
  0x0000,0x0000,0x0000,0x0000,0x0000,0x0000,0x0000,0x0000,0x0000,0x0000,0x0000,0x0000,
  0x0000,0x0000,0x0000,0x0000,0x0000,0x0000,0x0000,0x0000,0x0000,0x0000,0x0000,0x0000,
  0x0000,0x0000,0x0000,0x0000,0x0000,0x0000,0x0000,0x0000,0x0000,0x0000,0x0000,0x0000,
  0x0000,0x0000,0x0000,0x0000,0x0000,0x0000,0x0000,0x0000,0x0000,0x0000,0x0000,0x0000,
  0x0000,0x0000,0x0000,0x0000,0x0000,0x0000,0x0000,0x0000,0x0000,0x0000,0x0000,0x0000,
  0x0000,0x0000,0x0000,0x0000,0x0000,0x0000,0x0000,0x0000,0x0000,0x0000,0x0000,0x0000,
  0x0000,0x0000,0x0000,0x0000,0x0000,0x0000,0x0000,0x0000,0x0000,0x0000,0x0000,0x0000,
  0x0000,0x0000,0x0000,0x0000,0x0000,0x0000,0x0000,0x0000,0x0000,0x0000,0x0000,0x0000,
  0x0000,0x0000,0x0000,0x0000,0x0000,0x0000,0x0000,0x0000,0x0000,0x0000,0x0000,0x0000,
  0x0000,0x0000,0x0000,0x0000,0x0000,0x0000,0x0000,0x0000,0x0000,0x0000,0x0000,0x0000,
  0x0000,0x0000,0x0000,0x0000,0x0000,0x0000,0x0000,0x0000,0x0000,0x0000,0x0000,0x0000,
  0x0000,0x0000,0x0000,0x0000,0x0000,0x0000,0x0000,0x0000,0x0000,0x0000,0x0000,0x0000,
  0x0000,0x0000,0x0000,0x0000,0x0000,0x0000,0x0000,0x0000,0x0000,0x0000,0x0000,0x0000,
  0x0000,0x0000,0x0000,0x0000,0x0000,0x0000,0x0000,0x0000,0x0000,0x0000,0x0000,0x0000,
  0x0000,0x0000,0x0000,0x0000,0x0000,0x0000,0x0000,0x0000,0x0000,0x0000,0x0000,0x0000,
  0x0000,0x0000,0x0000,0x0000,0x0000,0x0000,0x0000,0x0000,0x0000,0x0000,0x0000,0x0000,
  0x0000,0x0000,0x0000,0x0000,0x0000,0x0000,0x0000,0x0000,0x0000,0x0000,0x0000,0x0000,
  0x0000,0x0000,0x0000,0x0000,0x0000,0x0000,0x0000,0x0000,0x0000,0x0000,0x0000,0x0000,
  0x0000,0x0000,0x0000,0x0000,0x0000,0x0000,0x0000,0x0000,0x0000,0x0000,0x0000,0x0000,
  0x0000,0x0000,0x0000,0x0000,0x0000,0x0000,0x0000,0x0000,0x0000,0x0000,0x0000,0x0000,
  0x0000,0x0000,0x0000,0x0000,0x0000,0x0000,0x0000,0x0000,0x0000,0x0000,0x0000,0x0000,
  0x0000,0x0000,0x0000,0x0000,0x0000,0x0000,0x0000,0x0000,0x0000,0x0000,0x0000,0x0000,
  0x0000,0x0000,0x0000,0x0000,0x0000,0x0000,0x0000,0x0000,0x0000,0x0000,0x0000,0x0000,
  0x0000,0x0000,0x0000,0x0000,0x0000,0x0000,0x0000,0x0000,0x0000,0x0000,0x0000,0x0000,
};
